92b6110c-b604-47d6-937a-8b5b78453678	145586295	41.79270699022923	20.39504004993244	70.54816	0	0	Je141ivXzUUx4ro1j8_3vw	Albania	gen4	no road name
92b6110c-b604-47d6-937a-8b5b78453678	4626657	-34.857567632173556	-57.900785837317585	139	0	0	km6gNrxKma-RMNvlJM_9-Q	Argentina	gen4	no road name
92b6110c-b604-47d6-937a-8b5b78453678	2410738	-37.795511834632805	145.1150978737676	105.47	0	0	91dj0UCWJXcM7FbjjULcMQ	Australia	gen4	no road name
92b6110c-b604-47d6-937a-8b5b78453678	196829536	48.14921727231794	13.842905992732016	359.61	0	0	h4vz8PMhJIhhRT6m0dGrpA	Austria	gen4	no road name
92b6110c-b604-47d6-937a-8b5b78453678	75713912	22.50162321955617	91.81576361489768	170.77	0	0	WqSwMCWp14Hk9DdTwVNQNg	Bangladesh	gen4	no road name
92b6110c-b604-47d6-937a-8b5b78453678	209001370	49.90982347475166	5.57035186711602	187.81	0	0	y1xacNDoVzpbL2OqJPrmlQ	Belgium	gen4	no road name
92b6110c-b604-47d6-937a-8b5b78453678	166285462	44.43173955511929	18.13176287002416	10.688302	0	0	qmt7OJamHMq2y4WVccJhkg	Bosnia and Herzegovina	gen4	no road name
92b6110c-b604-47d6-937a-8b5b78453678	15119634	-25.409087378280752	-53.61125382587646	264.71	0	0	QyRog2GXI3d2cnHL2T-JGw	Brazil	gen4	no road name
92b6110c-b604-47d6-937a-8b5b78453678	154935532	43.08782709207697	24.202142676526307	310.76	0	0	D-sGPaJtT6q9QOkH5ztHoA	Bulgaria	gen4	no road name
92b6110c-b604-47d6-937a-8b5b78453678	155310639	43.12777421011465	-80.63600408935045	265.76	0	0	FBNLElUqAyfavNqhsTQLAg	Canada	gen4	no road name
92b6110c-b604-47d6-937a-8b5b78453678	8939270	-31.337163696459474	-71.18112138588452	173.69	0	0	fUQy-HwJoMAPI9eXkgRGPg	Chile	gen4	no road name
92b6110c-b604-47d6-937a-8b5b78453678	51880118	8.651569565720491	-75.44818265842541	82.25	0	0	HC3fGKBZfBpvL18UciNy4Q	Colombia	gen4	no road name
92b6110c-b604-47d6-937a-8b5b78453678	53174743	9.922588448019091	-84.48330384511355	60.18	0	0	vpdiL5sMkLhlUmP7REGYVA	Costa Rica	gen4	no road name
92b6110c-b604-47d6-937a-8b5b78453678	183497626	46.35686254129563	16.65199337024739	359.84	0	0	hPexf48Tqdk_wQLK9GWbFw	Croatia	gen4	no road name
92b6110c-b604-47d6-937a-8b5b78453678	209583426	49.99632494420689	14.675228452204374	234.73000000000002	0	0	7nMFO8MKsHaGGpsOrvWjdQ	Czechia	gen4	no road name
92b6110c-b604-47d6-937a-8b5b78453678	247147296	61.48648701162809	-6.862075435723466	207.02	0	0	FwLdkTLqBoBN-mMh7Xxy4A	Denmark	gen4	no road name
92b6110c-b604-47d6-937a-8b5b78453678	40986007	-1.397720776511558	-78.58161879475081	39.26	0	0	Wb3Y1RhevUb6lS817_Osmg	Ecuador	gen4	no road name
92b6110c-b604-47d6-937a-8b5b78453678	243503355	59.423154646067395	24.787716399068177	89.19	0	0	kTjY_bTdjojvEgthgeKdjg	Estonia	gen4	no road name
92b6110c-b604-47d6-937a-8b5b78453678	250817474	67.68186138423653	23.909060727736698	177.06	0	0	Sz1-gioO8ZMPRuFTdWVKqw	Finland	gen4	no road name
92b6110c-b604-47d6-937a-8b5b78453678	204833431	49.2436768163241	4.086413488578492	308.27	0	0	Ydjx-804vWaWjgxLikHFFg	France	gen4	no road name
92b6110c-b604-47d6-937a-8b5b78453678	149592920	42.35694950151018	41.84350592131054	234.79743	0	0	KFAIobQxpKzZ23pWwDoDUg	Georgia	gen4	no road name
92b6110c-b604-47d6-937a-8b5b78453678	217493461	51.149563154127954	13.815690990057094	221.87	0	0	NpLPWoNhJLN04j8FNGYgww	Germany	gen4	no road name
92b6110c-b604-47d6-937a-8b5b78453678	49832378	6.765348553643348	-1.5730224684272478	351.38913	0	0	KZk3jhzRr4PUAfkA9BNB1g	Ghana	gen4	no road name
92b6110c-b604-47d6-937a-8b5b78453678	114021386	37.372793912326834	23.1632317851029	135.92	0	0	AZAe9KgeIrd6TdROODn7hw	Greece	gen4	no road name
92b6110c-b604-47d6-937a-8b5b78453678	189512440	47.188799046630756	16.427564690931494	322.22	0	0	s5EOZXSOAC1tNXDfLzZMyA	Hungary	gen4	no road name
92b6110c-b604-47d6-937a-8b5b78453678	249715965	64.12630719633951	-21.807360625903033	101.06	0	0	nIRzrwiCFptlnJWKuomuKg	Iceland	gen4	no road name
92b6110c-b604-47d6-937a-8b5b78453678	81916714	25.355324187428327	81.62488308323829	127.96	0	0	eNZECMs_ypwcY9NuWXUcBA	India	gen4	no road name
92b6110c-b604-47d6-937a-8b5b78453678	32650908	-7.263607302966615	109.95536785473755	7.17	0	0	Vb3aDUOv5TkzOhD2BzelwQ	Indonesia	gen4	no road name
92b6110c-b604-47d6-937a-8b5b78453678	228122679	53.111366088890804	-8.863487046279062	36.86	0	0	7zyZA4JIRagB6QUv3qtRiw	Ireland	gen4	no road name
92b6110c-b604-47d6-937a-8b5b78453678	91278251	32.08177315147629	34.85331288095141	275.76	0	0	NZomGwFbVws1dDd-ddOiPQ	Israel	gen4	no road name
92b6110c-b604-47d6-937a-8b5b78453678	151101288	42.568822548017515	13.71652470199381	18.15	0	0	AZHI7r0Dt4ihWzLmLU_zLA	Italy	gen4	no road name
92b6110c-b604-47d6-937a-8b5b78453678	103110394	35.244838111677836	136.83657743196005	92.6	0	0	UoUyxZxkwqPwuJr0qVrAew	Japan	gen4	no road name
92b6110c-b604-47d6-937a-8b5b78453678	211799014	50.33670655277383	57.308458694025994	64.55	0	0	cMnkHcf2Dx0eox2fx5Suwg	Kazakhstan	gen4	no road name
92b6110c-b604-47d6-937a-8b5b78453678	43151726	0.5344731638199453	35.28372714412936	162.19	0	0	hNyuutAZDTdz8cuczzDHTA	Kenya	gen4	no road name
92b6110c-b604-47d6-937a-8b5b78453678	239310573	56.93731775360384	21.607915210846993	313.5	0	0	kbPO7RoOKvuU2XsLnYhQ_w	Latvia	gen4	no road name
92b6110c-b604-47d6-937a-8b5b78453678	189671668	47.208897384487535	9.4995936184055	345.12	0	0	BCEjoj99wM7v7eNlw3bMfg	Liechtenstein	gen4	no road name
92b6110c-b604-47d6-937a-8b5b78453678	233410697	54.52695651376755	23.32721857792022	54.57	0	0	k330NBQVgvc3NRxTCWBoZQ	Lithuania	gen4	no road name
92b6110c-b604-47d6-937a-8b5b78453678	207234809	49.64421868806311	5.918886376172199	274.16	0	0	Fem_ysFlRybEh-0zYsYvcA	Luxembourg	gen4	no road name
92b6110c-b604-47d6-937a-8b5b78453678	48583557	6.032702135302568	116.16359003993766	131.32	0	0	gLSyxD9_RwX2Ih0wsnzHfQ	Malaysia	gen4	no road name
92b6110c-b604-47d6-937a-8b5b78453678	68614102	19.222342919377784	-98.32168441806529	29.69	0	0	OZFsTWSE4WIKKlFSrIKdJQ	Mexico	gen4	no road name
92b6110c-b604-47d6-937a-8b5b78453678	188858961	47.09868328520149	103.60361942422062	43.82	0	0	ON2uTZlslOO-3OkEodLpwg	Mongolia	gen4	no road name
92b6110c-b604-47d6-937a-8b5b78453678	155714925	43.16941921272537	18.741279748160963	268.06277	0	0	KpDEwaRgGFaQ8pt7uUa21g	Montenegro	gen4	no road name
92b6110c-b604-47d6-937a-8b5b78453678	17387093	-23.30252583631982	17.094676150577374	201.5	0	0	l5mZMzG8wr8RT5LFIBGs4g	Namibia	gen4	no road name
92b6110c-b604-47d6-937a-8b5b78453678	223089113	52.080172325866364	4.340303021330544	317	0	0	zGB-WMzO14wDtutupxUy2g	Netherlands	gen4	no road name
92b6110c-b604-47d6-937a-8b5b78453678	1130859	-40.36920465794519	175.63607617231938	213.36	0	0	mbGfu0kUqNVNGyv0N6YGLw	New Zealand	gen4	no road name
92b6110c-b604-47d6-937a-8b5b78453678	48926644	6.229903451090479	7.999281589048134	21.84	0	0	jGb1Hsg9unaVokp_Ie5KSQ	Nigeria	gen4	no road name
92b6110c-b604-47d6-937a-8b5b78453678	139604159	41.09752432657413	21.373871779126222	195.95398	0	0	mm3ZH_p-rVB8wnjixrDnjA	North Macedonia	gen4	no road name
92b6110c-b604-47d6-937a-8b5b78453678	248970560	63.265535084628276	9.81091112744445	223.51	0	0	XEciX_rO2Ld1_rPrOW7QeA	Norway	gen4	no road name
92b6110c-b604-47d6-937a-8b5b78453678	77755753	23.436038068643704	57.42143050948981	118.68	0	0	xaci8i8nztfEM23-VptHeA	Oman	gen4	no road name
92b6110c-b604-47d6-937a-8b5b78453678	51349163	8.095709255624053	-80.98616301508478	158.65	0	0	4TZyBVBljqCa21y1Jizo1w	Panama	gen4	no road name
92b6110c-b604-47d6-937a-8b5b78453678	26581007	-11.997463087232342	-75.21498904932183	67.32	0	0	a9cOmkX0UupFrWYszewg7A	Peru	gen4	no road name
92b6110c-b604-47d6-937a-8b5b78453678	66146070	18.13421960447679	120.5439479906027	236.57	0	0	pzMvHzxBIxh2t9JYSokEZQ	Philippines	gen4	no road name
92b6110c-b604-47d6-937a-8b5b78453678	212676924	50.468616986614606	21.039985752812864	346.03	0	0	cwk-LiWEV6joa9rYkXOQ9g	Poland	gen4	no road name
92b6110c-b604-47d6-937a-8b5b78453678	141859020	41.373599771738625	-8.743640857006302	25.4	0	0	55l46Qx-Qti051v71sdyNg	Portugal	gen4	no road name
92b6110c-b604-47d6-937a-8b5b78453678	81053792	25.011251855480914	51.033707296750045	317.05	0	0	mvXLkcdBun4Vv2T0qZKGzg	Qatar	gen4	no road name
92b6110c-b604-47d6-937a-8b5b78453678	184651798	46.52855766186877	22.953026421088403	22.47	0	0	ieO_vl7im9dO3y_UJWNDjw	Romania	gen4	no road name
92b6110c-b604-47d6-937a-8b5b78453678	209527265	49.98851504099689	45.427650820595346	204.19	0	0	i0hOtFAkee21XslSIzzi4w	Russia	gen4	no road name
92b6110c-b604-47d6-937a-8b5b78453678	40815620	-1.580635747687352	30.076837828807722	309.79	0	0	VHufhV4itkMF8MNiRwRcSg	Rwanda	gen4	no road name
92b6110c-b604-47d6-937a-8b5b78453678	60345184	14.770270838026375	-16.94763889082015	18.72	0	0	K4CgyL2LcvhIB19Ct_-JgA	Senegal	gen4	no road name
92b6110c-b604-47d6-937a-8b5b78453678	171905893	45.15664123278589	20.23250386258384	334.70984	0	0	plnwWSMU_OFDiowXyoo7Ag	Serbia	gen4	no road name
92b6110c-b604-47d6-937a-8b5b78453678	43801071	1.291980112445346	103.78205394739044	62.96	0	0	EiBaXN9XRctP_JCvXmc-Nw	Singapore	gen4	no road name
92b6110c-b604-47d6-937a-8b5b78453678	201639105	48.74520232568034	17.83865785089445	304.32	0	0	buibz3agqYAqM7NZ6ZexiQ	Slovakia	gen4	no road name
92b6110c-b604-47d6-937a-8b5b78453678	182813138	46.26695956863262	15.316820067218472	289.62	0	0	wm6MATX0kw4Zu2S9WMwn5Q	Slovenia	gen4	no road name
92b6110c-b604-47d6-937a-8b5b78453678	9112565	-30.982838156210395	28.982471750823944	329.52	0	0	0lCMoze4l0Qlk7B-kEpVFg	South Africa	gen4	no road name
92b6110c-b604-47d6-937a-8b5b78453678	150092345	42.42584579324987	-7.8060359506208705	89.55	0	0	AWmNWzxvyIOAI1wBV4QvKQ	Spain	gen4	no road name
92b6110c-b604-47d6-937a-8b5b78453678	49088694	6.334672070119002	80.03505625724145	21.61	0	0	zJ_hO1fQ1TZOyvnHpTzLQw	Sri Lanka	gen4	no road name
92b6110c-b604-47d6-937a-8b5b78453678	245610565	60.51880564215548	17.644339492903303	60.9	0	0	wTpyu8n5BROWRrMpJhBlqQ	Sweden	gen4	no road name
92b6110c-b604-47d6-937a-8b5b78453678	192113344	47.51135670238175	9.147708740014947	253.97	0	0	c5Y_5qBKdqDilTFGg5Rxiw	Switzerland	gen4	no road name
92b6110c-b604-47d6-937a-8b5b78453678	77989877	23.547529699199757	120.64143456170005	180.58	0	0	i5aiKB_UcU2sVh8sSoSwMA	Taiwan	gen4	no road name
92b6110c-b604-47d6-937a-8b5b78453678	58965768	14.002312331041564	99.77936338841104	51.38	0	0	kU5tDaHqe64KFAWUIhI29Q	Thailand	gen4	no road name
92b6110c-b604-47d6-937a-8b5b78453678	111268313	36.91197738759158	35.07503118516826	27.15	0	0	erGE-XTwDYCVPrFTcgKIEw	Turkey	gen4	no road name
92b6110c-b604-47d6-937a-8b5b78453678	81641808	25.23943140507069	55.303776118231916	14.63	0	0	IlOcIZEb5YcNNCon3w7fCg	UAE	gen4	no road name
92b6110c-b604-47d6-937a-8b5b78453678	82877234	25.776669311928508	-80.2851248198287	137.81	0	0	BJXdEtJ4Ln4L6XvTBfNzgA	USA	gen4	no road name
92b6110c-b604-47d6-937a-8b5b78453678	212491006	50.441988114441024	-4.789258447842759	260.05	0	0	S-GZxyKhn_xgWBwDAssSzQ	United Kingdom	gen4	no road name
92b6110c-b604-47d6-937a-8b5b78453678	62004757	15.740972170772974	108.34173348800705	276.85	0	0	jYnnzmvnoabmIpNT731PLw	Vietnam	gen4	no road name
92b6110c-b604-47d6-937a-8b5b78453678	131641375	40.184011296439536	20.261322577560733	123.08294	0	0	6LeTzaVWnt6NsE6O_nHBGw	Albania	gen4	no road name
92b6110c-b604-47d6-937a-8b5b78453678	6320562	-33.779687082452085	-69.06019651944871	198.1	0	0	Nwv10DFzQLP--S5PK9uLXg	Argentina	gen4	no road name
92b6110c-b604-47d6-937a-8b5b78453678	13661683	-26.385833923947498	153.00878464986684	342.56	0	0	u5QM6NpuKFPaUFSa4T71Sg	Australia	gen4	no road name
92b6110c-b604-47d6-937a-8b5b78453678	190214041	47.275746668571735	16.414585413830654	314.52	0	0	ftkFZdLVQsotl5SvFfj0ww	Austria	gen4	no road name
92b6110c-b604-47d6-937a-8b5b78453678	77974867	23.540284528045824	89.83262082170732	302.96	0	0	iQjWJ7o0C8tGud650mfbfA	Bangladesh	gen4	no road name
92b6110c-b604-47d6-937a-8b5b78453678	217901550	51.20848612522961	4.038540000758729	234.12	0	0	1Hg2KsXRrkKMPqQkddaMfg	Belgium	gen4	no road name
92b6110c-b604-47d6-937a-8b5b78453678	37086142	-5.512217193845232	-40.862313816339565	99.4	0	0	mrjWQbL0vPz_HZPDRxWp1A	Brazil	gen4	no road name
92b6110c-b604-47d6-937a-8b5b78453678	148326840	42.177456373869134	25.86763510258354	350.68	0	0	VUruGT9mS73FVDd_sfKmNg	Bulgaria	gen4	no road name
92b6110c-b604-47d6-937a-8b5b78453678	174394012	45.43024215988122	-73.30798850033877	326.04	0	0	-Vc1XKDdKIo99T_PGcYMOg	Canada	gen4	no road name
92b6110c-b604-47d6-937a-8b5b78453678	7316466	-33.06225834294816	-71.46204438961226	235.57	0	0	URwPTdcUrl1CfP-Mieh8lA	Chile	gen4	no road name
92b6110c-b604-47d6-937a-8b5b78453678	46991974	4.936845551199348	-74.40155329620531	68.55	0	0	7G_xLyDiRagV6eh7G-RrzQ	Colombia	gen4	no road name
92b6110c-b604-47d6-937a-8b5b78453678	53653016	10.284593536355755	-85.4600977845221	213.87	0	0	jOV6gzQIQ4-U2v-uWvfnBA	Costa Rica	gen4	no road name
92b6110c-b604-47d6-937a-8b5b78453678	174492165	45.43871755603362	14.194340609158761	291.99	0	0	1sUNJZVOwAmhYZrdS8BEiQ	Croatia	gen4	no road name
92b6110c-b604-47d6-937a-8b5b78453678	208822991	49.88444600915847	14.178378323413954	344.64	0	0	BNStKcjPycH-vv9ehsO5WA	Czechia	gen4	no road name
92b6110c-b604-47d6-937a-8b5b78453678	239591454	57.08282015911141	9.967320136929589	15.43	0	0	F1cekg14d6UM5tTzMJPSTA	Denmark	gen4	no road name
92b6110c-b604-47d6-937a-8b5b78453678	40257626	-2.175779881153061	-79.94217814115147	36.34	0	0	o4SQxzdiNsrz7RSyQ2CJmQ	Ecuador	gen4	no road name
92b6110c-b604-47d6-937a-8b5b78453678	242320790	58.88127453864941	25.669840456881158	215.73	0	0	htVbBKQOsJnNSuN9k9JppQ	Estonia	gen4	no road name
92b6110c-b604-47d6-937a-8b5b78453678	248571856	62.87724409599518	30.311336954859765	124.5	0	0	0qP4YY_8zk-afEhSF7CShw	Finland	gen4	no road name
92b6110c-b604-47d6-937a-8b5b78453678	203660316	49.06517320102203	4.2017281637777995	318.79	0	0	O6GH6B2nQEfHxJEDqVEV1g	France	gen4	no road name
92b6110c-b604-47d6-937a-8b5b78453678	142543576	41.457144128227746	45.1003133373673	152.88855	0	0	PO5x5OZcZSwiDgiE7ZM0jQ	Georgia	gen4	no road name
92b6110c-b604-47d6-937a-8b5b78453678	197725076	48.2541738886898	7.80096315455834	20.41	0	0	E6oMwbAleMY_vyP1HF334w	Germany	gen4	no road name
92b6110c-b604-47d6-937a-8b5b78453678	47998639	5.689629662703365	-0.22666801198629916	204.750603	0	0	KYo1W9WhvEG1eQJ2k0ui8w	Ghana	gen4	no road name
92b6110c-b604-47d6-937a-8b5b78453678	137528423	40.88248710426432	23.097354646846117	5.63	0	0	oPZpnacUy-F-ll1d4kqhwQ	Greece	gen4	no road name
92b6110c-b604-47d6-937a-8b5b78453678	187051664	46.84230847572471	19.446932640217153	96.48	0	0	hZRojNmSsUafrJXsxifwBA	Hungary	gen4	no road name
92b6110c-b604-47d6-937a-8b5b78453678	249698581	64.10866559430484	-21.76278087769577	119.23	0	0	uvUYBbdVpP--CnQN0-Dz7Q	Iceland	gen4	no road name
92b6110c-b604-47d6-937a-8b5b78453678	71291345	20.363099569462342	78.25962525446393	251.93	0	0	Tnll9IBgZz8dPtTExgobPw	India	gen4	no road name
92b6110c-b604-47d6-937a-8b5b78453678	30170918	-7.873395704824227	112.56246544633453	246.85	0	0	0KK6_Gs3vxWvDTd-zH4_5w	Indonesia	gen4	no road name
92b6110c-b604-47d6-937a-8b5b78453678	221207529	51.75027028481502	-8.802630395838706	66.61	0	0	CwC8o00vrKRfIJBITR_tZQ	Ireland	gen4	no road name
92b6110c-b604-47d6-937a-8b5b78453678	91918987	32.420112032473426	34.968074596262355	43.98	0	0	bJoUHAxHPEDVwI3JRmcXlw	Israel	gen4	no road name
92b6110c-b604-47d6-937a-8b5b78453678	175920821	45.562316580929604	10.42653819326641	55.53	0	0	Eu3C7HXM7tya-g5MbasDFw	Italy	gen4	no road name
92b6110c-b604-47d6-937a-8b5b78453678	93782515	33.07891868819684	133.01659765804268	171.92	0	0	c51XdqG7o2JwnsCQAxtoPA	Japan	gen4	no road name
92b6110c-b604-47d6-937a-8b5b78453678	187901827	46.96027318468346	54.04164124247764	210.11	0	0	Y3pZTgn6mC1JUHd7eTvblQ	Kazakhstan	gen4	no road name
92b6110c-b604-47d6-937a-8b5b78453678	41957677	-0.5460270277066275	35.10136823302573	10.98	0	0	ZrM0w7T6_SnJfK7PbstrCg	Kenya	gen4	no road name
92b6110c-b604-47d6-937a-8b5b78453678	239545868	57.05576661489728	24.449195575610428	239.44	0	0	EoeTbBK6WvMTAVESwIBB-g	Latvia	gen4	no road name
92b6110c-b604-47d6-937a-8b5b78453678	189698647	47.212254940616795	9.501595995710561	187.56	0	0	W7bzj9AcXpVFluCkxla2PA	Liechtenstein	gen4	no road name
92b6110c-b604-47d6-937a-8b5b78453678	237346952	55.98692462900025	23.852915839859318	297.99	0	0	WNFHW014NoSTo-xPBZ7QJA	Lithuania	gen4	no road name
92b6110c-b604-47d6-937a-8b5b78453678	207669465	49.71414841960971	6.445245611258538	91.18	0	0	y2VW0wyUGobfeBoXiZHMIg	Luxembourg	gen4	no road name
92b6110c-b604-47d6-937a-8b5b78453678	48846588	6.179357668020984	116.9566959112171	78.46	0	0	ZwcIoX755if-mzgLH6uaww	Malaysia	gen4	no road name
92b6110c-b604-47d6-937a-8b5b78453678	65394948	17.711181093073936	-92.26042711203333	236.8	0	0	8U_xI-pHtAhAEzsR9QiILg	Mexico	gen4	no road name
92b6110c-b604-47d6-937a-8b5b78453678	187449069	46.895570180198135	93.83574407864879	242.37	0	0	24Z87wzOGdZlXXVEoX_R3g	Mongolia	gen4	no road name
92b6110c-b604-47d6-937a-8b5b78453678	153771447	42.95041857976776	19.19701792068948	335.65417	0	0	M2cKuGaP_2K4YaaEOWytaw	Montenegro	gen4	no road name
92b6110c-b604-47d6-937a-8b5b78453678	21355238	-20.465643993275318	16.689882485150605	42.33	0	0	gd4bydJz8g27bLlUNvG91w	Namibia	gen4	no road name
92b6110c-b604-47d6-937a-8b5b78453678	222556385	51.98164253938966	5.938207533447966	105.5	0	0	2LR2BL3AnYR9No0Pvl7iuw	Netherlands	gen4	no road name
92b6110c-b604-47d6-937a-8b5b78453678	2503783	-37.75251703436958	175.2403399088571	136.19	0	0	pfgVcGH06x-w3ilTkSUkLg	New Zealand	gen4	no road name
92b6110c-b604-47d6-937a-8b5b78453678	52344993	9.128188440732307	7.371056193494035	122.92	0	0	xAWd2R1dMC2YSpShAUHp0A	Nigeria	gen4	no road name
92b6110c-b604-47d6-937a-8b5b78453678	142001663	41.391213816100986	22.94116115962972	281.3492	0	0	qT8OtYYpZiG0HYUznYJZ0g	North Macedonia	gen4	no road name
92b6110c-b604-47d6-937a-8b5b78453678	246388344	60.962189998319786	9.17054077693388	256.32	0	0	sjrN0qqOEcg1xxqzQMgD9A	Norway	gen4	no road name
92b6110c-b604-47d6-937a-8b5b78453678	79099627	23.99170602244503	55.842498509898405	202.85	0	0	wcCaFLQhTGDcdIKRk74t2g	Oman	gen4	no road name
92b6110c-b604-47d6-937a-8b5b78453678	52253948	9.060433305779052	-79.5085922848443	292.67	0	0	jzfvZhVqHqlttdXww2nymw	Panama	gen4	no road name
92b6110c-b604-47d6-937a-8b5b78453678	26420487	-12.134153294540727	-77.01916861495006	298.87	0	0	YHmhiRNsqhwDcOTFfyc_Dg	Peru	gen4	no road name
92b6110c-b604-47d6-937a-8b5b78453678	51607831	8.382867171492292	123.8272602652857	257.59	0	0	ns4fOntTDJ6f-wBtQolJ-g	Philippines	gen4	no road name
92b6110c-b604-47d6-937a-8b5b78453678	218580827	51.32258002820544	16.76924349856952	9.01	0	0	r4Rp9D0qIhw8s1SaBjo8Ig	Poland	gen4	no road name
92b6110c-b604-47d6-937a-8b5b78453678	135912167	40.70907109591833	-8.094217138073088	326.94	0	0	P98ftpsACbv0KwVApSaRDA	Portugal	gen4	no road name
92b6110c-b604-47d6-937a-8b5b78453678	81608183	25.226110391751096	51.508738907342234	184.16	0	0	6qwDnqBm_T8FWa5MSqHmmw	Qatar	gen4	no road name
92b6110c-b604-47d6-937a-8b5b78453678	166037241	44.39965400363616	25.336863137753586	146.02	0	0	AdIkVMGNErM3FD3_Og3-kA	Romania	gen4	no road name
92b6110c-b604-47d6-937a-8b5b78453678	246348472	60.93700484312492	76.6013782041277	192.26	0	0	CeqBg2hCWIJm19o-oo2yUA	Russia	gen4	no road name
92b6110c-b604-47d6-937a-8b5b78453678	40116289	-2.449446608803741	28.913049400886873	341.9	0	0	1WmjsqP0laYwDj7FQ3ElhQ	Rwanda	gen4	no road name
92b6110c-b604-47d6-937a-8b5b78453678	60380258	14.782771625568158	-17.298128305538864	208.97	0	0	ub--qULjY4u6Uf0AvgzwdA	Senegal	gen4	no road name
92b6110c-b604-47d6-937a-8b5b78453678	155360962	43.1328403193122	20.44935622986653	352.47223	0	0	zhSMOtGmMrZbrLYI7rmgbw	Serbia	gen4	no road name
92b6110c-b604-47d6-937a-8b5b78453678	44023255	1.4435477624742465	103.78815358739683	51.85	0	0	54S71TN5AuCtEg_piVgeDA	Singapore	gen4	no road name
92b6110c-b604-47d6-937a-8b5b78453678	202856599	48.93435534391177	21.917327752553575	156.31	0	0	q65y820BU1jdmxhjRx5vXw	Slovakia	gen4	no road name
92b6110c-b604-47d6-937a-8b5b78453678	180413412	45.99720003160234	13.98675871832765	302.36	0	0	8fP6zR4gOdkIeYqL6NRafA	Slovenia	gen4	no road name
92b6110c-b604-47d6-937a-8b5b78453678	13159761	-26.85291492525229	27.892649591671233	95.22	0	0	CddMi6lXw63wfd_TNy4lfQ	South Africa	gen4	no road name
92b6110c-b604-47d6-937a-8b5b78453678	149251646	42.310696678366355	-7.2327365048226575	232.5	0	0	GqUtw-1FjEo67DQ_iD-q9w	Spain	gen4	no road name
92b6110c-b604-47d6-937a-8b5b78453678	49612626	6.656845110850601	81.14249507818553	274.2	0	0	iwVRIB9CXK7AC76ES5zqaQ	Sri Lanka	gen4	no road name
92b6110c-b604-47d6-937a-8b5b78453678	239813005	57.214157797792986	14.642952934335963	45.92	0	0	VM_PuxSKXSY4X10yE1hTGw	Sweden	gen4	no road name
92b6110c-b604-47d6-937a-8b5b78453678	186050796	46.71874705213439	6.547474787703154	191.62	0	0	rumeISnmXtBDaNW1_a9ahw	Switzerland	gen4	no road name
92b6110c-b604-47d6-937a-8b5b78453678	78849044	23.88882373546861	120.73636440821834	250.97	0	0	pdt6r4HFJ8JuTyhOeIGTWQ	Taiwan	gen4	no road name
92b6110c-b604-47d6-937a-8b5b78453678	62277337	15.912541074142784	103.96914888831661	247.08	0	0	Nf31Y0fe8-fG2VlIDMBPTg	Thailand	gen4	no road name
92b6110c-b604-47d6-937a-8b5b78453678	139727846	41.111959484129265	29.039751247139375	210.73	0	0	OVXGvlqIlnx2NPlmzHTWQQ	Turkey	gen4	no road name
92b6110c-b604-47d6-937a-8b5b78453678	81436993	25.148415931833725	55.23718084578926	253.92	0	0	kZya5JzwRGLF5ZF1H3wRtA	UAE	gen4	no road name
92b6110c-b604-47d6-937a-8b5b78453678	128442968	39.742509041664796	-105.00603904101175	328.88	0	0	cXTXocodivDwHCTvTSiOdQ	USA	gen4	no road name
92b6110c-b604-47d6-937a-8b5b78453678	218260482	51.26488153810999	0.48778702412976227	168.66	0	0	HAKSd49YOSV4rLZsGo8r3w	United Kingdom	gen4	no road name
92b6110c-b604-47d6-937a-8b5b78453678	61527351	15.416062603588655	108.67149966427188	324.9	0	0	jxtFUNxNt4luIxRhInzBww	Vietnam	gen4	no road name
92b6110c-b604-47d6-937a-8b5b78453678	138054895	40.938734932658	19.70959109105895	312.3071	0	0	61hYf5Zs0eR93cgi3q9Wyw	Albania	gen4	no road name
92b6110c-b604-47d6-937a-8b5b78453678	15988866	-24.195529910027183	-65.27351174116735	45.04	0	0	Y6qWmFhQlOGZmaQPtx5FDg	Argentina	gen4	no road name
92b6110c-b604-47d6-937a-8b5b78453678	12246382	-27.506974442033414	153.06223094000993	91.48	0	0	a3icrBbQVT0bAD1m6XbHZw	Australia	gen4	no road name
92b6110c-b604-47d6-937a-8b5b78453678	198911878	48.40312682810231	15.220572047996695	93.63	0	0	E3Xz0QirgR3FfIKDlYSj5g	Austria	gen4	no road name
92b6110c-b604-47d6-937a-8b5b78453678	79686385	24.303569423827636	91.73169192661915	75.86	0	0	9UXXOdwKD8qrd9JFbI0ksQ	Bangladesh	gen4	no road name
92b6110c-b604-47d6-937a-8b5b78453678	212699049	50.47203769126748	4.18729288109498	97.11	0	0	FN2quf5209tjR7hrnTxG4w	Belgium	gen4	no road name
92b6110c-b604-47d6-937a-8b5b78453678	19193178	-22.28873333293083	-49.342911714775155	311.93	0	0	Jozej_A2TQMPt4Qv66W4Ng	Brazil	gen4	no road name
92b6110c-b604-47d6-937a-8b5b78453678	141762579	41.36141030867576	25.208544134421878	39.18	0	0	aOaTfzLd0j0a6D61H2LWZA	Bulgaria	gen4	no road name
92b6110c-b604-47d6-937a-8b5b78453678	230109124	53.52283430777307	-106.88369912473013	227.61	0	0	WrzikvxjbeirwOj33toV2Q	Canada	gen4	no road name
92b6110c-b604-47d6-937a-8b5b78453678	3235886	-36.92138409688867	-71.9737712079326	125.74	0	0	np2vuwbvLGYtN0YfN6nAQg	Chile	gen4	no road name
92b6110c-b604-47d6-937a-8b5b78453678	48046690	5.708330567439635	-73.29376214627086	120.34	0	0	z2Qj0TLu4nQ0wIG4oLsZCA	Colombia	gen4	no road name
92b6110c-b604-47d6-937a-8b5b78453678	53957424	10.47961765215707	-85.7674676126478	69.15	0	0	oXt62RGVm2Rl3a__52MW8Q	Costa Rica	gen4	no road name
92b6110c-b604-47d6-937a-8b5b78453678	171188411	45.07113022134633	14.947942397713891	42.39	0	0	AWXwGPVAOEo9JoY2pVb1KA	Croatia	gen4	no road name
92b6110c-b604-47d6-937a-8b5b78453678	208325709	49.815850427889046	16.219591478496053	159.95	0	0	s49VHZRzfPJh8Cd-hIGGdw	Czechia	gen4	no road name
92b6110c-b604-47d6-937a-8b5b78453678	247742520	62.04532230855436	-7.203042485372243	49.61	0	0	Q5CXuRqc87sapGeqUii9qw	Denmark	gen4	no road name
92b6110c-b604-47d6-937a-8b5b78453678	40792558	-1.6012965438300093	-77.96739897382531	131.68	0	0	clM9yc2Buf6YVRVVams3kg	Ecuador	gen4	no road name
92b6110c-b604-47d6-937a-8b5b78453678	243547195	59.4376111012896	28.06194712729384	120.96	0	0	eib6EyrVPok7qqGl3jtCVg	Estonia	gen4	no road name
92b6110c-b604-47d6-937a-8b5b78453678	250017963	64.78789806742917	29.49272578638063	232.17	0	0	iV-BDS8gyjb0NLsSiRSogg	Finland	gen4	no road name
92b6110c-b604-47d6-937a-8b5b78453678	187845805	46.95281169178054	-1.565486051027465	201.37	0	0	LtpoGmP1KLyOgGNogjF5Ng	France	gen4	no road name
92b6110c-b604-47d6-937a-8b5b78453678	148551378	42.212604474742996	42.63665922890765	152.95776	0	0	H1FjWr0jwakKF3WA5OUs3A	Georgia	gen4	no road name
92b6110c-b604-47d6-937a-8b5b78453678	216923475	51.0717837426002	7.814846586646095	6.84	0	0	yuSrQz6xug26TSTX_j2E-w	Germany	gen4	no road name
92b6110c-b604-47d6-937a-8b5b78453678	49466699	6.572175691936675	-1.5194678126239138	97.97289999999998	0	0	ZBNWvAzOHFqs8J7am-KY8w	Ghana	gen4	no road name
92b6110c-b604-47d6-937a-8b5b78453678	140517051	41.205855837681185	23.205945122733645	272.89	0	0	T3hV_dVeHfKAKdU48FJ9DQ	Greece	gen4	no road name
92b6110c-b604-47d6-937a-8b5b78453678	191727565	47.46428346871662	19.104813954439457	147.44	0	0	1slz5fcF6diiJtqXgd0PSw	Hungary	gen4	no road name
92b6110c-b604-47d6-937a-8b5b78453678	250541087	66.06099196729863	-23.174391894422172	263	0	0	HKXoNXF13DY-0QJ9QuSy-Q	Iceland	gen4	no road name
92b6110c-b604-47d6-937a-8b5b78453678	62152406	15.836492817664707	77.86992642675554	262.89	0	0	IKDBYQ7xIRjdZWUUWpjLtg	India	gen4	no road name
92b6110c-b604-47d6-937a-8b5b78453678	32303354	-7.3535907296104455	107.78137512475952	271.43	0	0	ZFwbk-rHlCujXhrG9ZOFSw	Indonesia	gen4	no road name
92b6110c-b604-47d6-937a-8b5b78453678	231513304	53.882033819832685	-8.643302394242408	34.03	0	0	Tw1WFl2vIq1If9o-Um4Jkw	Ireland	gen4	no road name
92b6110c-b604-47d6-937a-8b5b78453678	91313028	32.10194285345932	34.830939517232274	1.71	0	0	KclJhWYBDbniAgnGmBdaYw	Israel	gen4	no road name
92b6110c-b604-47d6-937a-8b5b78453678	134832147	40.59157071533142	15.988851803279408	137.62	0	0	0PyqW5x_td3V2C27A6CH2Q	Italy	gen4	no road name
92b6110c-b604-47d6-937a-8b5b78453678	105746694	35.730644456438135	140.2020748352281	114.42	0	0	ggAIAd5tOkTu4e8bNKP5Pg	Japan	gen4	no road name
92b6110c-b604-47d6-937a-8b5b78453678	224166474	52.260988773457015	76.97374278858533	86.25	0	0	kzPL1p-Ic5H42Aox9cPD3A	Kazakhstan	gen4	no road name
92b6110c-b604-47d6-937a-8b5b78453678	41621247	-0.9009580453363499	37.22984258611801	218.12	0	0	cw6Uc0QKqgF4EpQVOF2EDw	Kenya	gen4	no road name
92b6110c-b604-47d6-937a-8b5b78453678	239157156	56.86051959527043	24.07046862352015	197.73	0	0	hC9OeCvkHDta3ga4qqHBVw	Latvia	gen4	no road name
92b6110c-b604-47d6-937a-8b5b78453678	189706410	47.21323637712967	9.50192965375357	178	0	0	49glrtxTOyIWaFstvgwT4g	Liechtenstein	gen4	no road name
92b6110c-b604-47d6-937a-8b5b78453678	236586813	55.779169543735826	24.364480337541742	112.88	0	0	3vzStDAWx8gxP-2TcB-xRQ	Lithuania	gen4	no road name
92b6110c-b604-47d6-937a-8b5b78453678	210581166	50.13377025167549	6.034589153091573	229.57	0	0	SZ249jVBhPdc5W5-6k176g	Luxembourg	gen4	no road name
92b6110c-b604-47d6-937a-8b5b78453678	47000490	4.947517300715513	100.72467058064417	279.4	0	0	Km8RP-iv-cDD5ThThRxJ4g	Malaysia	gen4	no road name
92b6110c-b604-47d6-937a-8b5b78453678	67526754	18.71992102037731	-96.37813697222815	252.57	0	0	906K6ZLQ4Ne_UGm3TXpr7g	Mexico	gen4	no road name
92b6110c-b604-47d6-937a-8b5b78453678	182100573	46.18533206057605	97.58629253197014	126.52	0	0	9WX_OGMkTvwE1X8CpuFuMg	Mongolia	gen4	no road name
92b6110c-b604-47d6-937a-8b5b78453678	151267499	42.591712779776714	19.165000957455717	107.12768	0	0	xncRbwTtBN-7PtUfr273nA	Montenegro	gen4	no road name
92b6110c-b604-47d6-937a-8b5b78453678	23726890	-17.409686989593613	15.888152901504647	100.36	0	0	IdN8YmyuDjluZnSUFP_Dhw	Namibia	gen4	no road name
92b6110c-b604-47d6-937a-8b5b78453678	222198200	51.915576981842094	4.500749774101869	227.06	0	0	6LlfdM9L4vw7ABHb7-Y2qQ	Netherlands	gen4	no road name
92b6110c-b604-47d6-937a-8b5b78453678	3224142	-36.933958459230006	174.86467528469984	276.95	0	0	0MlfQAPIZlatj8bwnJpnNw	New Zealand	gen4	no road name
92b6110c-b604-47d6-937a-8b5b78453678	49360581	6.497424641520369	7.944709479499883	184.98	0	0	m6G6uQo3nsJoCnu_Mffo3w	Nigeria	gen4	no road name
92b6110c-b604-47d6-937a-8b5b78453678	145900400	41.83429484113938	21.55673303654015	6.3195434	0	0	D8Druk5M0R7Uxvtp5XsGVA	North Macedonia	gen4	no road name
92b6110c-b604-47d6-937a-8b5b78453678	244296626	59.83520897281996	10.4435926259329	55.29	0	0	3_bg53HJbqH6bX_z5Z6Hyw	Norway	gen4	no road name
92b6110c-b604-47d6-937a-8b5b78453678	75553073	22.426944556810714	57.427841145704825	12.55	0	0	p_1HtJlni0wAYrg0Wx5pXg	Oman	gen4	no road name
92b6110c-b604-47d6-937a-8b5b78453678	52573206	9.352747087319896	-79.84089391118769	53.43	0	0	hv5cpr1YJprB4L_T40-b0g	Panama	gen4	no road name
92b6110c-b604-47d6-937a-8b5b78453678	25800341	-13.216712905949406	-74.30302564193802	214.9	0	0	K4oX2YpQpMtHKU4HI1ZJrw	Peru	gen4	no road name
92b6110c-b604-47d6-937a-8b5b78453678	58567762	13.811665805875133	122.99591445905578	195.76	0	0	0McKssdcpvSf2l_i3Aj-sA	Philippines	gen4	no road name
92b6110c-b604-47d6-937a-8b5b78453678	226735179	52.759517548039796	21.904991696169112	357.73	0	0	hy2NDAkafoJTK799EqW7Pw	Poland	gen4	no road name
92b6110c-b604-47d6-937a-8b5b78453678	113583310	37.30520019873056	-8.55291203953589	171.53	0	0	Y2o0DLXX3RVgGY-qP5xu8A	Portugal	gen4	no road name
92b6110c-b604-47d6-937a-8b5b78453678	82000780	25.389435877284175	51.41467860060066	87.82	0	0	kyIZTHULxUlQLpJd6DAJtw	Qatar	gen4	no road name
92b6110c-b604-47d6-937a-8b5b78453678	166146335	44.413681654860326	26.071339760297178	90.43	0	0	f1-bAW-VEn7YqgFmSAMHnQ	Romania	gen4	no road name
92b6110c-b604-47d6-937a-8b5b78453678	226211063	52.63911629501557	39.65406566353572	241.95	0	0	1LjkmswVdcwXonav9oGQdA	Russia	gen4	no road name
92b6110c-b604-47d6-937a-8b5b78453678	40361661	-2.065313025648782	29.351124623622933	165.99	0	0	kVM9b7hHYrGFmK5GKD-Ldg	Rwanda	gen4	no road name
92b6110c-b604-47d6-937a-8b5b78453678	60477119	14.821018531320545	-15.918722310293846	207.41	0	0	ppa0AXJAt082oOigh5Euew	Senegal	gen4	no road name
92b6110c-b604-47d6-937a-8b5b78453678	162076003	43.82623536556215	20.758941662235852	78.34623	0	0	8kXhMYpHgSku086OcJAHtg	Serbia	gen4	no road name
92b6110c-b604-47d6-937a-8b5b78453678	43860092	1.3273803631448822	103.83722528738515	70.4	0	0	qXQBoor-RpW52oHLZ2Jl4g	Singapore	gen4	no road name
92b6110c-b604-47d6-937a-8b5b78453678	204775145	49.23528533097859	19.05291443114536	129.29	0	0	JNBrHrcul19oZHGbPk5bMg	Slovakia	gen4	no road name
92b6110c-b604-47d6-937a-8b5b78453678	175693044	45.54273361525277	14.92165685596929	320.48	0	0	VuQ0MpMpFNoWPmdyfze1Dg	Slovenia	gen4	no road name
92b6110c-b604-47d6-937a-8b5b78453678	13450411	-26.600054215346393	26.700707510125376	78.76	0	0	9eRgPeqNUwrwiNd8zmfDvA	South Africa	gen4	no road name
92b6110c-b604-47d6-937a-8b5b78453678	118869776	38.08711413751069	-1.2490061560460939	117.54	0	0	jEQhRj6-1EfnIyqBH6mOTQ	Spain	gen4	no road name
92b6110c-b604-47d6-937a-8b5b78453678	51327573	8.070856538265668	80.5074476535687	158.37	0	0	QWlHXuCaC5oVMIJ2tl--Ng	Sri Lanka	gen4	no road name
92b6110c-b604-47d6-937a-8b5b78453678	245259931	60.34969659166852	18.51295798675805	281.97	0	0	_alhB_yi0pnspeecULGMBg	Sweden	gen4	no road name
92b6110c-b604-47d6-937a-8b5b78453678	189604154	47.20051264218404	7.372608785918628	88.1	0	0	iTLzbWyGDmdwg09hmtoZwQ	Switzerland	gen4	no road name
92b6110c-b604-47d6-937a-8b5b78453678	76102421	22.685671533836647	120.38976052102313	162.79	0	0	TdI0KY5TgU9Y-qAzODbVTg	Taiwan	gen4	no road name
92b6110c-b604-47d6-937a-8b5b78453678	68859802	19.307206435060554	99.1915521710477	273.24	0	0	s2X_-9c7_kLZpLISiicAuw	Thailand	gen4	no road name
92b6110c-b604-47d6-937a-8b5b78453678	115148535	37.54970821479872	28.53119009888803	202.17	0	0	P_Gu8NcXYrke_sefyHO2-A	Turkey	gen4	no road name
92b6110c-b604-47d6-937a-8b5b78453678	82017377	25.395832891801366	55.45454423450673	328.68	0	0	o0jSPfW-AvG7RCzJA5aUZQ	UAE	gen4	no road name
92b6110c-b604-47d6-937a-8b5b78453678	107416335	36.082082634127445	-115.18035893723349	8.04	0	0	lbCzprUnlaqVJY_Ctc2Oog	USA	gen4	no road name
92b6110c-b604-47d6-937a-8b5b78453678	215335136	50.86349929427534	-3.6902267937571036	105.68	0	0	rfsYhIzxnSmQAVpLgej4cQ	United Kingdom	gen4	no road name
92b6110c-b604-47d6-937a-8b5b78453678	65090366	17.5222442607835	106.57607947548122	125.11	0	0	LTsmmfLt83VCs9voZ9zBOw	Vietnam	gen4	no road name
92b6110c-b604-47d6-937a-8b5b78453678	135828459	40.69999133839749	19.462700566630456	148.61206	0	0	_L6wWALnvtmE4mL1SwFy9A	Albania	gen4	no road name
92b6110c-b604-47d6-937a-8b5b78453678	7170574	-33.24784683469153	-66.1971823798371	9.54	0	0	3IdgwGoLKrt-_B0fQ1f2ew	Argentina	gen4	no road name
92b6110c-b604-47d6-937a-8b5b78453678	11562718	-27.992835814574434	153.03203994751618	102	0	0	ik1qBgSc94VpDrqAdjJonw	Australia	gen4	no road name
92b6110c-b604-47d6-937a-8b5b78453678	193522835	47.71404916098926	16.132950994565185	278.31	0	0	4vMXbhJnIpsj6X20Iiv9BQ	Austria	gen4	no road name
92b6110c-b604-47d6-937a-8b5b78453678	82887071	25.780293485945805	88.57714325807369	225.01	0	0	v5LLPEJP1IcOAjQ5j1f6Ig	Bangladesh	gen4	no road name
92b6110c-b604-47d6-937a-8b5b78453678	217952698	51.21555504428839	4.448362281478459	177.17	0	0	XlvysC-Ao32VYz3x2XIj-A	Belgium	gen4	no road name
92b6110c-b604-47d6-937a-8b5b78453678	23012138	-18.858021303461715	-46.76055068191457	104.87	0	0	M_yGkgBG3fEbyYZp2cy4pg	Brazil	gen4	no road name
92b6110c-b604-47d6-937a-8b5b78453678	150551792	42.49031391737459	25.76655351097188	26.49	0	0	nT_ZMRZ-dKu0ZUJL4HnKCQ	Bulgaria	gen4	no road name
92b6110c-b604-47d6-937a-8b5b78453678	206390611	49.50243271091738	-98.00117647654088	75.26	0	0	fC-eDX3ZIFU7eAw1SNHpnQ	Canada	gen4	no road name
92b6110c-b604-47d6-937a-8b5b78453678	8971348	-31.28548022885523	-71.06548002638925	94.44	0	0	xgjwFsdMPb8wnVRCWl3ThQ	Chile	gen4	no road name
92b6110c-b604-47d6-937a-8b5b78453678	50244242	7.0331302684927	-73.12867094556474	242.28	0	0	6PMuAQT35nz0uhgIcCPL4A	Colombia	gen4	no road name
92b6110c-b604-47d6-937a-8b5b78453678	53098018	9.869849212777275	-83.92156176100264	110.49	0	0	uhteO8BSaZnwlb20RIE6jA	Costa Rica	gen4	no road name
92b6110c-b604-47d6-937a-8b5b78453678	170455567	44.984362293801475	14.056842263840911	2.97	0	0	vWZ4iZ0PQlih25eeAdpeNA	Croatia	gen4	no road name
92b6110c-b604-47d6-937a-8b5b78453678	204028828	49.12467045518694	14.62838696032697	27.2	0	0	IdUzZe6znD4mQaBs7rJhzw	Czechia	gen4	no road name
92b6110c-b604-47d6-937a-8b5b78453678	235761968	55.5152184707939	9.458352533397086	198.74	0	0	VHWiVZfCOePT-Zx_Fzn-yw	Denmark	gen4	no road name
92b6110c-b604-47d6-937a-8b5b78453678	41050125	-1.3504899196085778	-78.50954828727056	338	0	0	FwzW5lrgT5KRayRWh1ZfCw	Ecuador	gen4	no road name
92b6110c-b604-47d6-937a-8b5b78453678	243115902	59.29217842371403	24.627200747327805	64.57	0	0	LZLH295H9XrU2EsJhRp3mA	Estonia	gen4	no road name
92b6110c-b604-47d6-937a-8b5b78453678	246533578	61.05546239119563	23.339408179722156	21.49	0	0	OqT42hUC9C90LiaZ3LdL2A	Finland	gen4	no road name
92b6110c-b604-47d6-937a-8b5b78453678	153420618	42.9056376367543	2.5839609200404015	175.17	0	0	A8W7GuA2XofuG-Y79Ur3Cg	France	gen4	no road name
92b6110c-b604-47d6-937a-8b5b78453678	144513931	41.6672804720114	45.23911312321106	133.95325000000005	0	0	RgUeMMsysNu_5LxYCKVemw	Georgia	gen4	no road name
92b6110c-b604-47d6-937a-8b5b78453678	198042892	48.293193063845024	13.134871698201106	59.31	0	0	RJcLJ3aiAiLKvkOs-If_0A	Germany	gen4	no road name
92b6110c-b604-47d6-937a-8b5b78453678	50012314	6.874170392783155	-1.6256208731875128	161.78665	0	0	g4c-Z9J1MinFwn0JJ-c-WQ	Ghana	gen4	no road name
92b6110c-b604-47d6-937a-8b5b78453678	133931803	40.476868224110696	22.851739338438733	180.32	0	0	YYRw3tOmYXXNakoA17F0eQ	Greece	gen4	no road name
92b6110c-b604-47d6-937a-8b5b78453678	190849326	47.355886258012255	18.264743703288307	92.68	0	0	4k2xhTddSdCgoiMKTuaPgw	Hungary	gen4	no road name
92b6110c-b604-47d6-937a-8b5b78453678	249612142	63.9973012779557	-22.588874139337037	303.67	0	0	Xi9kW6ASmIy7WlDZ4pxu-A	Iceland	gen4	no road name
92b6110c-b604-47d6-937a-8b5b78453678	86872281	28.761288004981317	78.73423554894163	306.52	0	0	C4Al4mq9xIKIhvMG-Q4DkA	India	gen4	no road name
92b6110c-b604-47d6-937a-8b5b78453678	37502753	-5.201622388960701	120.00385513470034	151.36	0	0	uGpW6aiYhZ4dWHpGY3FS8g	Indonesia	gen4	no road name
92b6110c-b604-47d6-937a-8b5b78453678	221638940	51.823041543659386	-9.095074281415844	21.38	0	0	sjoADg5chCb8nRhuXuyUQw	Ireland	gen4	no road name
92b6110c-b604-47d6-937a-8b5b78453678	91132129	32.0004083785175	34.76382340902327	187.71	0	0	mclm9bDPVWkmlNf9F1AEew	Israel	gen4	no road name
92b6110c-b604-47d6-937a-8b5b78453678	140520293	41.20625730083514	15.080232308332702	272.46	0	0	hZs0nnbi_UY3M3ExgD6n3Q	Italy	gen4	no road name
92b6110c-b604-47d6-937a-8b5b78453678	107937066	36.19840264272237	139.57000348518088	346.28	0	0	jzePbTE4ahRGO0CyjTj1yg	Japan	gen4	no road name
92b6110c-b604-47d6-937a-8b5b78453678	149689228	42.369978804968845	69.52569601048775	250.62	0	0	OjKgv7m7vsY_mvxwxWP6UA	Kazakhstan	gen4	no road name
92b6110c-b604-47d6-937a-8b5b78453678	41091646	-1.319565409584792	34.677701888832395	148.76	0	0	wveEc4KAJGvoJX1Q-_8LEA	Kenya	gen4	no road name
92b6110c-b604-47d6-937a-8b5b78453678	239551269	57.05887099302162	21.68866244277364	185.21	0	0	lqTGx1DfyClRVNz_S3T-EQ	Latvia	gen4	no road name
92b6110c-b604-47d6-937a-8b5b78453678	234464721	54.911173624487674	23.977267470774336	97.68	0	0	GxAXLcSNp59Jl61Mn-ahLA	Lithuania	gen4	no road name
92b6110c-b604-47d6-937a-8b5b78453678	207057689	49.61346391555757	6.273033691560691	12.58	0	0	cYUBnPPOX5lO4cYV4N_gKA	Luxembourg	gen4	no road name
92b6110c-b604-47d6-937a-8b5b78453678	48113081	5.735631420105781	102.49265671531832	284.19	0	0	cIc7HOD4tt3IttX3_RBDkA	Malaysia	gen4	no road name
92b6110c-b604-47d6-937a-8b5b78453678	62674188	16.143972190643495	-93.31137261804574	85.85	0	0	VIQowD8q-D87dCNXP3kW0w	Mexico	gen4	no road name
92b6110c-b604-47d6-937a-8b5b78453678	202641972	48.89577146947964	96.33577472331066	78.99	0	0	z_OnuP5bzWTqvhzpDtaX4w	Mongolia	gen4	no road name
92b6110c-b604-47d6-937a-8b5b78453678	154628395	43.0522621886742	19.13868062803483	77.73556	0	0	5Zy7uW6-nLgv4OON0US4CQ	Montenegro	gen4	no road name
92b6110c-b604-47d6-937a-8b5b78453678	18552406	-22.690977132709648	17.12094307861509	43.01	0	0	SWyBZ083kW4pbPvWhwn3MQ	Namibia	gen4	no road name
92b6110c-b604-47d6-937a-8b5b78453678	220077642	51.567837119849294	3.5226465101627995	173.75	0	0	V8VMyEHnt2OcoRqcDYipbQ	Netherlands	gen4	no road name
92b6110c-b604-47d6-937a-8b5b78453678	410448	-43.477965223314065	172.55604651161138	17.36	0	0	kvGf3PLZCxk1vDtxiBln6w	New Zealand	gen4	no road name
92b6110c-b604-47d6-937a-8b5b78453678	50460711	7.1800290295153015	3.4181999623689316	242.77	0	0	Gg_aBJUWxdkwHAzD4u8SbQ	Nigeria	gen4	no road name
92b6110c-b604-47d6-937a-8b5b78453678	148697495	42.23416365966123	21.44852568413838	99.7354	0	0	jr7x9qnIBYyhHSzOY5SXrw	North Macedonia	gen4	no road name
92b6110c-b604-47d6-937a-8b5b78453678	246971339	61.34072284554417	11.961208584101671	59.62	0	0	lJtFc8x44KruX3yVlSFJeA	Norway	gen4	no road name
92b6110c-b604-47d6-937a-8b5b78453678	64316324	17.04015048092889	53.906864222115416	350.09	0	0	zHh_ZndfKMaXNqlJUke19g	Oman	gen4	no road name
92b6110c-b604-47d6-937a-8b5b78453678	50935675	7.606983833844179	-80.25775294991485	292.48	0	0	oorI7FiICbB0TxV-MOvcxg	Panama	gen4	no road name
92b6110c-b604-47d6-937a-8b5b78453678	25488421	-13.898186431078802	-71.99393660015858	353.65	0	0	mo1z27yYlq4_bvPmGdGzbA	Peru	gen4	no road name
92b6110c-b604-47d6-937a-8b5b78453678	63277000	16.49541693503928	121.16855288242306	305.91	0	0	lLU8xn3T3VvRIMPzJFtjlQ	Philippines	gen4	no road name
92b6110c-b604-47d6-937a-8b5b78453678	207411905	49.67260278464661	21.210256757506382	297.26	0	0	YBjy24hcarOOXlvKru0Dbg	Poland	gen4	no road name
92b6110c-b604-47d6-937a-8b5b78453678	121675452	38.610788055714636	-9.102185380276431	349.86	0	0	12qDDjL_oSAZSbqCSgYQow	Portugal	gen4	no road name
92b6110c-b604-47d6-937a-8b5b78453678	82682622	25.695132971388656	51.43827834100602	77.57	0	0	fzpEBCvUYXQrEdhSfHGrgQ	Qatar	gen4	no road name
92b6110c-b604-47d6-937a-8b5b78453678	189195046	47.144899788401865	26.400774286179963	258.64	0	0	iUbkrqfwNBODBbPLDTBK9Q	Romania	gen4	no road name
92b6110c-b604-47d6-937a-8b5b78453678	249145788	63.438495286992165	120.27114096509217	301.08	0	0	q7rXwG5_ABikZVbAb2xyLQ	Russia	gen4	no road name
92b6110c-b604-47d6-937a-8b5b78453678	40978981	-1.4029026321819793	30.26316573429566	278.64	0	0	b7v4Mmsb4xTh-EhoARq8aQ	Rwanda	gen4	no road name
92b6110c-b604-47d6-937a-8b5b78453678	60378398	14.782039806955776	-17.109088247195352	209.91	0	0	vz4UloA6qfCvlgVfqgypQQ	Senegal	gen4	no road name
92b6110c-b604-47d6-937a-8b5b78453678	161043637	43.70302151953519	20.560767019449138	110.80287	0	0	FkqqE4bO1sVsPLhXeCMGSw	Serbia	gen4	no road name
92b6110c-b604-47d6-937a-8b5b78453678	43946703	1.3829784788875288	103.88328515528674	226.59	0	0	HDR0SETQ7Qt7ntP7jmTbsw	Singapore	gen4	no road name
92b6110c-b604-47d6-937a-8b5b78453678	201803641	48.76751749064984	20.338341245749138	46.71	0	0	wm1VX3fKCOgxegcN49rP3w	Slovakia	gen4	no road name
92b6110c-b604-47d6-937a-8b5b78453678	178910968	45.83456971312258	14.607442611837746	182.81	0	0	Nvr1NyxJe91IRhY5tEmPqQ	Slovenia	gen4	no road name
92b6110c-b604-47d6-937a-8b5b78453678	7851488	-32.555692026719825	27.38677127693604	109.55	0	0	ocJ1UUPQIOhr9qe0YeOfDw	South Africa	gen4	no road name
92b6110c-b604-47d6-937a-8b5b78453678	152321566	42.749913088251	-7.559042475758138	38.17	0	0	3RatvJPNp58QI0T_SVBVDA	Spain	gen4	no road name
92b6110c-b604-47d6-937a-8b5b78453678	49830911	6.764409079503778	80.32554789999965	308.55	0	0	COcUsS6myoFNzHAkMghhMg	Sri Lanka	gen4	no road name
92b6110c-b604-47d6-937a-8b5b78453678	243735613	59.52732995878275	12.831433155685488	31.77	0	0	qbzpTy9Hp68bY7rR053FNw	Sweden	gen4	no road name
92b6110c-b604-47d6-937a-8b5b78453678	183820413	46.404812546039295	9.694779096951375	200.14	0	0	DQb95tDVBxs96dCw7k__eg	Switzerland	gen4	no road name
92b6110c-b604-47d6-937a-8b5b78453678	77997188	23.551091858841385	120.7187795691293	353.69	0	0	q_I1GYAiLQZRrbTcHefsgw	Taiwan	gen4	no road name
92b6110c-b604-47d6-937a-8b5b78453678	59636276	14.448995573902302	102.63365475408183	314.52	0	0	G1wVowQkkSBvhhO4k6LKkw	Thailand	gen4	no road name
92b6110c-b604-47d6-937a-8b5b78453678	124182329	39.01870095451165	35.57746960986806	262.99	0	0	pEo-ElL9SAxWACpR2u3_Tw	Turkey	gen4	no road name
92b6110c-b604-47d6-937a-8b5b78453678	81691151	25.2588207955402	55.37391749090809	248.64	0	0	l-uYOnqNc3O0ImC_T3wZnA	UAE	gen4	no road name
92b6110c-b604-47d6-937a-8b5b78453678	87075036	28.97846198027563	-95.3786165894392	1.31	0	0	5OJSJbmV32vlBrWPIRGbUA	USA	gen4	no road name
92b6110c-b604-47d6-937a-8b5b78453678	213081758	50.53634486342295	-4.401161792442468	40.76	0	0	RhHPqN4CM7lVK26p3aDSGQ	United Kingdom	gen4	no road name
92b6110c-b604-47d6-937a-8b5b78453678	72405957	20.816753218295478	106.17799616194347	352.98	0	0	tMbG_yGilYcKNZHMpeO-0A	Vietnam	gen4	no road name
92b6110c-b604-47d6-937a-8b5b78453678	130371161	40.00888929902039	19.990656430282716	256.5517	0	0	a-l226h1P7CVNa_q1UvLYQ	Albania	gen4	no road name
92b6110c-b604-47d6-937a-8b5b78453678	5037782	-34.6219550350237	-58.54087322408406	184.81	0	0	slfs_OksyOaupe4tInw_PQ	Argentina	gen4	no road name
92b6110c-b604-47d6-937a-8b5b78453678	1623991	-38.52361228647246	145.3916245019362	99.84	0	0	Ff4ZUp_jle0OPgK4Z-smpw	Australia	gen4	no road name
92b6110c-b604-47d6-937a-8b5b78453678	189561762	47.19520055293904	15.642208758004362	11.13	0	0	wefbDON8S4HC4C034hptBw	Austria	gen4	no road name
92b6110c-b604-47d6-937a-8b5b78453678	78612506	23.79489540408292	90.41389252836186	15	0	0	xJI1fFvIJ1hkjPFPLonMBA	Bangladesh	gen4	no road name
92b6110c-b604-47d6-937a-8b5b78453678	217945792	51.21454867613422	4.352232503489708	257.94	0	0	aGSEM9g2HnJnXERAfROvRg	Belgium	gen4	no road name
92b6110c-b604-47d6-937a-8b5b78453678	20659601	-21.018453656088347	-46.26631391880743	70.69	0	0	hq-tcTSANGCYirZEuCWwyw	Brazil	gen4	no road name
92b6110c-b604-47d6-937a-8b5b78453678	153156063	42.871464766885	24.69287453572273	264.44	0	0	wnJp_kmsz-BkMH9VQzHWfA	Bulgaria	gen4	no road name
92b6110c-b604-47d6-937a-8b5b78453678	159520700	43.537597023688406	-79.71210531886625	62.39	0	0	6zGA1i-GMktjvHUMbncosQ	Canada	gen4	no road name
92b6110c-b604-47d6-937a-8b5b78453678	6293698	-33.793073685137095	-71.377341676875	134.36	0	0	Iaa2EUkINGo2WNbr3In7kA	Chile	gen4	no road name
92b6110c-b604-47d6-937a-8b5b78453678	48300076	5.827057000993227	-72.98595071079507	171.55	0	0	PAW4b1xkzsY0EqdonRKAuw	Colombia	gen4	no road name
92b6110c-b604-47d6-937a-8b5b78453678	53764592	10.36038750985156	-85.7082049222839	134.54	0	0	updIOVonDssIhd4_cqYvkQ	Costa Rica	gen4	no road name
92b6110c-b604-47d6-937a-8b5b78453678	173125459	45.30430849512446	16.36857339149118	125.79	0	0	aaQGm9sTOfizUZdWuG94Ew	Croatia	gen4	no road name
92b6110c-b604-47d6-937a-8b5b78453678	206624292	49.5415790343397	17.045869774177454	241.87	0	0	LpTP87SQntroEu8HbL39Qg	Czechia	gen4	no road name
92b6110c-b604-47d6-937a-8b5b78453678	240176001	57.455279927203236	9.99487744391948	271.08	0	0	cYLg0bK1M8UDHAkh-Sa2cQ	Denmark	gen4	no road name
92b6110c-b604-47d6-937a-8b5b78453678	41050196	-1.350440730530452	-78.67491076690968	62.35	0	0	vCw2AZZafqHRiJK1rqbutw	Ecuador	gen4	no road name
92b6110c-b604-47d6-937a-8b5b78453678	242435466	58.95892013336117	26.014946350838294	3.52	0	0	iYq4EUjJQcUOMrTGde0WGw	Estonia	gen4	no road name
92b6110c-b604-47d6-937a-8b5b78453678	248703075	63.000329804146936	30.96672435762165	129.84	0	0	vy_IRff0XODFia2wOy2uuA	Finland	gen4	no road name
92b6110c-b604-47d6-937a-8b5b78453678	192573838	47.57460280515026	-1.0423529198490833	254.98	0	0	-S3LFqRRwhKRNhIEzUrpiw	France	gen4	no road name
92b6110c-b604-47d6-937a-8b5b78453678	147279369	42.02706897365165	44.15083541556198	207.16738900000001	0	0	6wN6wcRMxjgK8lobMSVOJw	Georgia	gen4	no road name
92b6110c-b604-47d6-937a-8b5b78453678	194284949	47.827376449545554	11.641915047789253	4.24	0	0	CN3Bf1ceKPVCbdRmshiZhQ	Germany	gen4	no road name
92b6110c-b604-47d6-937a-8b5b78453678	48075903	5.719659116852042	0.052297891466214275	207.724314	0	0	xCVDGCis9sO5eoRLnGt_MQ	Ghana	gen4	no road name
92b6110c-b604-47d6-937a-8b5b78453678	112871903	37.1864198115115	22.191358309509607	309.4	0	0	CcIuFymsY1eyodkNMNEkBg	Greece	gen4	no road name
92b6110c-b604-47d6-937a-8b5b78453678	182857250	46.272473492451	20.10281651733979	222	0	0	E_83kA_5FjsX0cPsUGftzw	Hungary	gen4	no road name
92b6110c-b604-47d6-937a-8b5b78453678	250244404	65.39517034812948	-13.736556873799238	236.97	0	0	b7mNpOlzk-b8_F_lCjUdgA	Iceland	gen4	no road name
92b6110c-b604-47d6-937a-8b5b78453678	75270553	22.295739723931643	70.86239486923773	75.04	0	0	AnilKHkcpA7u4VHW0LylcQ	India	gen4	no road name
92b6110c-b604-47d6-937a-8b5b78453678	31073832	-7.652423735356574	111.30162575081447	137.22	0	0	VMSZff0TnuYz8br3s6rrcg	Indonesia	gen4	no road name
92b6110c-b604-47d6-937a-8b5b78453678	226409474	52.679669518223236	-6.39201499418454	220.64	0	0	zyKg6GIDu42SXBAgLF-kcQ	Ireland	gen4	no road name
92b6110c-b604-47d6-937a-8b5b78453678	90816418	31.829797343490757	34.693337714726326	45.7	0	0	CmYMPJd-20YJbu9w0RXxPQ	Israel	gen4	no road name
92b6110c-b604-47d6-937a-8b5b78453678	165167805	44.27663479305502	7.988018216448736	13.22	0	0	8QjAbwUItgt1P9aHcRE3xw	Italy	gen4	no road name
92b6110c-b604-47d6-937a-8b5b78453678	106107613	35.80216319189883	137.24428124107672	47.14	0	0	7JRhcqG_b0rsmU3rI-tHsQ	Japan	gen4	no road name
92b6110c-b604-47d6-937a-8b5b78453678	187979929	46.970915965640756	54.00237732331461	218.19	0	0	e8jp_oU9-N85S2GL_tUvZg	Kazakhstan	gen4	no road name
92b6110c-b604-47d6-937a-8b5b78453678	43262333	0.6481489345929831	34.35218538648171	209.87	0	0	hASCmoRySaUi8Pm6l09-tQ	Kenya	gen4	no road name
92b6110c-b604-47d6-937a-8b5b78453678	238750711	56.64286590908616	26.822640886197867	199.9	0	0	j6JUhJHxs4-yV4uC1ReOFA	Latvia	gen4	no road name
92b6110c-b604-47d6-937a-8b5b78453678	237812834	56.1734328660585	24.782326172644318	113.37	0	0	RW1haxaYoyE_36221jhWjQ	Lithuania	gen4	no road name
92b6110c-b604-47d6-937a-8b5b78453678	208473803	49.83688418088865	5.896537892594377	214.53	0	0	wYYiwFZ8ck3eKtu5Ho-iDw	Luxembourg	gen4	no road name
92b6110c-b604-47d6-937a-8b5b78453678	48571302	6.0247869316607705	102.34134479186386	281.91	0	0	i29KnhVnmhpHXe8LjJlzng	Malaysia	gen4	no road name
92b6110c-b604-47d6-937a-8b5b78453678	71070784	20.25798208607904	-101.30975161195174	191.73	0	0	IHiJShbji2Ya4iz6eJjNJg	Mexico	gen4	no road name
92b6110c-b604-47d6-937a-8b5b78453678	191691912	47.459837133689376	101.7238872900631	281.44	0	0	yYaCQ3HqbvXJqZLAyOCOpg	Mongolia	gen4	no road name
92b6110c-b604-47d6-937a-8b5b78453678	150922217	42.54420770332151	19.223955863160352	339.01944	0	0	rzGUS9u9lWIulfe6zLaP2Q	Montenegro	gen4	no road name
92b6110c-b604-47d6-937a-8b5b78453678	19602892	-21.961230525932635	16.897868063907676	233.39	0	0	dUU1LmQzbkPAAWu0Eq0EaQ	Namibia	gen4	no road name
92b6110c-b604-47d6-937a-8b5b78453678	223984804	52.2334813418559	6.098139416418302	309.53	0	0	huBBspBR_pvxd4ncHgYrRQ	Netherlands	gen4	no road name
92b6110c-b604-47d6-937a-8b5b78453678	2602506	-37.70457628610362	175.19554907770092	146.33	0	0	uMAjRGTBLvmizwwuDzlmbQ	New Zealand	gen4	no road name
92b6110c-b604-47d6-937a-8b5b78453678	51075170	7.784307621604351	4.535094846783155	112.95	0	0	RL8k9UJIhOq7W_61ucEeNg	Nigeria	gen4	no road name
92b6110c-b604-47d6-937a-8b5b78453678	141532903	41.33181660356064	21.343005656942395	280.3895	0	0	RczFsaMbeNtys6oFLYQW3A	North Macedonia	gen4	no road name
92b6110c-b604-47d6-937a-8b5b78453678	244618350	59.9893912823098	5.081905628043524	328.04	0	0	MuBs85dyvVP2x5BNOry3fQ	Norway	gen4	no road name
92b6110c-b604-47d6-937a-8b5b78453678	76088506	22.679699258345433	56.652952706334396	65.22	0	0	yJ-bvUFOxVpz6kT0u9mWGQ	Oman	gen4	no road name
92b6110c-b604-47d6-937a-8b5b78453678	52565085	9.342724184495346	-79.80065741297797	199.91	0	0	4MFh8mku1BwkqkoTvaX88Q	Panama	gen4	no road name
92b6110c-b604-47d6-937a-8b5b78453678	33173790	-7.1352038456534	-78.46725194795667	185.92	0	0	P1yN0L7J0i6KPgHt0K6bxw	Peru	gen4	no road name
92b6110c-b604-47d6-937a-8b5b78453678	54358286	10.700396122391515	119.54227655280947	87.76	0	0	BeisDEmXEs0FWExI25TfjQ	Philippines	gen4	no road name
92b6110c-b604-47d6-937a-8b5b78453678	211706805	50.321872573178496	16.68666319949304	287.75	0	0	fYgngnzo1L7YYUYAn55o1w	Poland	gen4	no road name
92b6110c-b604-47d6-937a-8b5b78453678	134914829	40.60136413274978	-7.27529387616092	326.79	0	0	VW5Nm1mKAowkL-Tb2GppbA	Portugal	gen4	no road name
92b6110c-b604-47d6-937a-8b5b78453678	82652094	25.682822900842623	51.4848305129968	177.58	0	0	FTu3DQX6-aBUa10Es_PeIw	Qatar	gen4	no road name
92b6110c-b604-47d6-937a-8b5b78453678	171870468	45.15245940421347	24.068368444639308	173.52	0	0	I7EGtFIEaJOXloRpsy90UQ	Romania	gen4	no road name
92b6110c-b604-47d6-937a-8b5b78453678	212296066	50.41377629890928	103.29916147779628	142.52	0	0	8le7ZuRkjNirfd6NsSjw_A	Russia	gen4	no road name
92b6110c-b604-47d6-937a-8b5b78453678	40379152	-2.049576265175346	30.219025372681287	230.71	0	0	meUQcg7Pub8KTeDChWeb-A	Rwanda	gen4	no road name
92b6110c-b604-47d6-937a-8b5b78453678	59559250	14.403888605391097	-16.882807365799454	283.02	0	0	vj7rJM5CvgqjuCkVljh6LQ	Senegal	gen4	no road name
92b6110c-b604-47d6-937a-8b5b78453678	168847949	44.78293182183998	20.723460249870055	181.66304	0	0	EcLTuwHe998HA7FE7lYv5g	Serbia	gen4	no road name
92b6110c-b604-47d6-937a-8b5b78453678	43878565	1.3373071380336976	103.70300308455525	195.59	0	0	ydZXIlxGhcI8tywdk3lylQ	Singapore	gen4	no road name
92b6110c-b604-47d6-937a-8b5b78453678	205624107	49.37089454435238	19.19945639024288	152.49	0	0	l0oC1ZFDaic--wRtMlQCLg	Slovakia	gen4	no road name
92b6110c-b604-47d6-937a-8b5b78453678	177457141	45.69954450191348	14.815020864873492	321.45	0	0	Pbn_8StX72RKBKzzIPLwBA	Slovenia	gen4	no road name
92b6110c-b604-47d6-937a-8b5b78453678	10868681	-28.79474711715724	31.105064969837454	210.94	0	0	0BbHVb1yBNKYnkL81rG9Cw	South Africa	gen4	no road name
92b6110c-b604-47d6-937a-8b5b78453678	156012595	43.19810917258213	-8.345960296813594	303.17	0	0	AQRgPlUQrq6q8XMlpsmzyg	Spain	gen4	no road name
92b6110c-b604-47d6-937a-8b5b78453678	50822176	7.4890465496882355	80.6922600342319	71.28	0	0	6M55Ofexburxcw7p4Y0arg	Sri Lanka	gen4	no road name
92b6110c-b604-47d6-937a-8b5b78453678	242361683	58.908454912470994	15.012005103383052	177.72	0	0	OakePeCXUNx6fKU3J5KDvQ	Sweden	gen4	no road name
92b6110c-b604-47d6-937a-8b5b78453678	189095840	47.131577162198965	8.397826630192379	19.62	0	0	GiP3XESvg-qlAA98G4DcXA	Switzerland	gen4	no road name
92b6110c-b604-47d6-937a-8b5b78453678	77205415	23.182802477095212	120.55430130194551	75.51	0	0	bAx--5FLriB8giFflQxYPQ	Taiwan	gen4	no road name
92b6110c-b604-47d6-937a-8b5b78453678	63552667	16.648927796643232	104.4958470938073	328.85	0	0	W2aD3qzgSoffS4Wf-J9Lxg	Thailand	gen4	no road name
92b6110c-b604-47d6-937a-8b5b78453678	137756166	40.90750569770892	41.85248709676725	8.17	0	0	l3kyp4fDknPqRHiGIwqTiw	Turkey	gen4	no road name
92b6110c-b604-47d6-937a-8b5b78453678	81741581	25.277991755987223	56.36334455173631	91.66	0	0	Y_GyzweDrpHzCIGxC_NaoA	UAE	gen4	no road name
92b6110c-b604-47d6-937a-8b5b78453678	160429690	43.636198051730105	-72.97511848622007	253.84	0	0	HYjYV4_A352DkQm-iTIUTA	USA	gen4	no road name
92b6110c-b604-47d6-937a-8b5b78453678	221585834	51.814144950584016	-4.420514934329883	1.96	0	0	KUNZV4vWLdkFYatowxlpFA	United Kingdom	gen4	no road name
92b6110c-b604-47d6-937a-8b5b78453678	53447874	10.103021045192985	105.65820559305635	6.9	0	0	MFCP6-3xIKxnPgPjdabPEg	Vietnam	gen4	no road name
92b6110c-b604-47d6-937a-8b5b78453678	134209269	40.51208929717997	20.712562144049315	155.25508	0	0	1LnAseaszxeEX0e4WV70OQ	Albania	gen4	no road name
92b6110c-b604-47d6-937a-8b5b78453678	12860294	-27.083381663606538	-65.24647865390439	205.09	0	0	54hLzEFSo__DaiHe_tZ6qg	Argentina	gen4	no road name
92b6110c-b604-47d6-937a-8b5b78453678	1947525	-38.08907405774858	145.1521401749104	169.76	0	0	DMC5Jo5AKq1PkRCzrrQQiw	Australia	gen4	no road name
92b6110c-b604-47d6-937a-8b5b78453678	198831044	48.3936291864254	14.762041138696437	207.19	0	0	iznLebstSRS4PCRGvYdLXg	Austria	gen4	no road name
92b6110c-b604-47d6-937a-8b5b78453678	77633812	23.375198259195454	89.02312492241911	13.13	0	0	tRVlJxsUZYpSq8ejVsUyEg	Bangladesh	gen4	no road name
92b6110c-b604-47d6-937a-8b5b78453678	214025605	50.68764422308696	6.055565946694691	40.2	0	0	8gdF0fFoHADujJDAYv9toA	Belgium	gen4	no road name
92b6110c-b604-47d6-937a-8b5b78453678	15943718	-24.26109620235745	-51.685567007442536	62.88	0	0	LF5NCCnp3pELMnYg_hc9IA	Brazil	gen4	no road name
92b6110c-b604-47d6-937a-8b5b78453678	151909016	42.68598211629234	23.310422275113776	242.12	0	0	f5SM1c5yOQP14UIXkmlSqw	Bulgaria	gen4	no road name
92b6110c-b604-47d6-937a-8b5b78453678	175617088	45.53626734478499	-73.6547115930426	283.57	0	0	DJZwjmzs8CNAsiUpgGSOiQ	Canada	gen4	no road name
92b6110c-b604-47d6-937a-8b5b78453678	3432670	-36.74466354187666	-72.50862971978904	242	0	0	ZZFArZbElwddmr0MMGtxSg	Chile	gen4	no road name
92b6110c-b604-47d6-937a-8b5b78453678	47351820	5.318479290889594	-72.37159015310483	310.07	0	0	nf6XrZLyboVIXY8VYoNmWQ	Colombia	gen4	no road name
92b6110c-b604-47d6-937a-8b5b78453678	53025433	9.815195372270928	-83.90101624684124	105.76	0	0	O3S05A6r0ebjGHX4F1S6_g	Costa Rica	gen4	no road name
92b6110c-b604-47d6-937a-8b5b78453678	158375337	43.42206408947167	17.081779887010104	191.26	0	0	0cecInrBhvi6467_02ZF6w	Croatia	gen4	no road name
92b6110c-b604-47d6-937a-8b5b78453678	202684230	48.90332063098579	14.292685261506541	63.32	0	0	oXQTm9GtXe4IHND-4c6p4Q	Czechia	gen4	no road name
92b6110c-b604-47d6-937a-8b5b78453678	236337714	55.71044884710529	9.553727513710982	5.82	0	0	4GHyR6KtOomBTERcXG4CrA	Denmark	gen4	no road name
92b6110c-b604-47d6-937a-8b5b78453678	42016934	-0.49855897492879225	-78.5983090587702	88.93	0	0	kSmQiUFIVxn-IbZKeih0YQ	Ecuador	gen4	no road name
92b6110c-b604-47d6-937a-8b5b78453678	242656494	59.09659953609767	24.354352263473324	74.95	0	0	ucz17Bx9aKONwfY1miZyEQ	Estonia	gen4	no road name
92b6110c-b604-47d6-937a-8b5b78453678	249084256	63.38468388073515	30.35105246870879	78.95	0	0	UARY5tAoHxaiFvuGQLSfZQ	Finland	gen4	no road name
92b6110c-b604-47d6-937a-8b5b78453678	177877716	45.73951465091419	-1.09525067559054	299.61	0	0	hNXcZtfzfaK0Wu24MyWFfw	France	gen4	no road name
92b6110c-b604-47d6-937a-8b5b78453678	146814440	41.96200700192233	45.48815500486337	111.45648	0	0	Hl8c67_zS7-JCmGxw_Po-g	Georgia	gen4	no road name
92b6110c-b604-47d6-937a-8b5b78453678	209961441	50.04846070578749	9.193283010563116	197.36	0	0	G2_k6JWh7LJaA6UGV-Vgow	Germany	gen4	no road name
92b6110c-b604-47d6-937a-8b5b78453678	48393343	5.89483946847728	0.4685200873120136	150.45006999999998	0	0	4kyroWfyzcsiasoLuSf67w	Ghana	gen4	no road name
92b6110c-b604-47d6-937a-8b5b78453678	122538083	38.74384919589479	23.037080609908674	158.94	0	0	WAkgKcgGRcn8rChaPCNY3Q	Greece	gen4	no road name
92b6110c-b604-47d6-937a-8b5b78453678	193963801	47.782672675080306	19.94528302968861	356.44	0	0	Z1J7g1VlTapaLZs_NINQFA	Hungary	gen4	no road name
92b6110c-b604-47d6-937a-8b5b78453678	249713703	64.12434406480311	-21.814743327360162	80.52	0	0	CJu9lu79jLDIf2eB9qijSw	Iceland	gen4	no road name
92b6110c-b604-47d6-937a-8b5b78453678	65347844	17.680562308733766	75.9462591949812	176.02	0	0	ESPiVoO6so7xSS-31YvhWA	India	gen4	no road name
92b6110c-b604-47d6-937a-8b5b78453678	37359766	-5.320740908806263	105.29883426216884	189.42	0	0	QU1XpQxR41e8hOlaR2aWqg	Indonesia	gen4	no road name
92b6110c-b604-47d6-937a-8b5b78453678	230790084	53.68138605392149	-8.106761485849031	187.75	0	0	ivl4r4mCNmaX_Bq31wgSag	Ireland	gen4	no road name
92b6110c-b604-47d6-937a-8b5b78453678	91148898	32.00994001296131	34.8151794162039	111.39	0	0	pV5-Dl5Q904IUcHrv52afg	Israel	gen4	no road name
92b6110c-b604-47d6-937a-8b5b78453678	126427543	39.43420501746707	8.784037859988253	121.45	0	0	SVPxKbqQ6i9zEml36AfnDQ	Italy	gen4	no road name
92b6110c-b604-47d6-937a-8b5b78453678	100617889	34.81543670597626	133.34095411325296	57.13	0	0	NuP6opLbZQz1U5DHio-zFg	Japan	gen4	no road name
92b6110c-b604-47d6-937a-8b5b78453678	221121351	51.73609853378791	72.81958326835162	309.37	0	0	-luCZU3J9cVa1sgBe4UJIw	Kazakhstan	gen4	no road name
92b6110c-b604-47d6-937a-8b5b78453678	42948120	0.3551226751309942	37.58252261032835	171.19	0	0	NJgqCiqLu_f4tC8wP2uAdQ	Kenya	gen4	no road name
92b6110c-b604-47d6-937a-8b5b78453678	239440479	56.997208961604116	26.311277436381964	322.32	0	0	IVbjTlm4Ulz2FFkeByFRcA	Latvia	gen4	no road name
92b6110c-b604-47d6-937a-8b5b78453678	235675577	55.483330711869264	25.577269119705296	68.05	0	0	IS6A0ugPCZw6YkzyKLkvdg	Lithuania	gen4	no road name
92b6110c-b604-47d6-937a-8b5b78453678	210096816	50.06634973073858	5.918045369571071	166.13	0	0	Qv4N7k9qb5hoSfHC2oUHfQ	Luxembourg	gen4	no road name
92b6110c-b604-47d6-937a-8b5b78453678	48498059	5.976576211753821	100.45190509256501	33.44	0	0	6zWpOIRFHTgyWlrbEEtJKw	Malaysia	gen4	no road name
92b6110c-b604-47d6-937a-8b5b78453678	71084476	20.265060112982496	-98.14547267036315	262.32	0	0	8hyH8DN6LkoLkIkyKt4Hjw	Mexico	gen4	no road name
92b6110c-b604-47d6-937a-8b5b78453678	194462444	47.853346359324476	106.76548324228551	168.23	0	0	BLtCHJ5l79VTLSoeWhtNmQ	Mongolia	gen4	no road name
92b6110c-b604-47d6-937a-8b5b78453678	154173873	42.99922305546637	19.934662217626315	75.73955	0	0	-8qc_d1ArkYfpQH5OYeoZg	Montenegro	gen4	no road name
92b6110c-b604-47d6-937a-8b5b78453678	13454425	-26.595643884859477	18.13906091037319	295.85	0	0	2s1lKyxB5vuaeghslVBr0w	Namibia	gen4	no road name
92b6110c-b604-47d6-937a-8b5b78453678	223826436	52.208330207989626	6.000567275154186	198.46	0	0	xDAC3LzZHw_IpxLhkz1W_Q	Netherlands	gen4	no road name
92b6110c-b604-47d6-937a-8b5b78453678	851012	-41.31880723421898	173.23844722968815	208.44	0	0	WN_cVWdGTHeWXWHiTTTVLA	New Zealand	gen4	no road name
92b6110c-b604-47d6-937a-8b5b78453678	51239551	7.962971960905174	4.654557828349527	55.07	0	0	DLeU-4zjxUWkh60OPo9G3w	Nigeria	gen4	no road name
92b6110c-b604-47d6-937a-8b5b78453678	146931122	41.97929256367642	21.0564818512433	52.26768	0	0	JwVheDkfXm19mqargIpVZA	North Macedonia	gen4	no road name
92b6110c-b604-47d6-937a-8b5b78453678	242283051	58.848262011851254	8.638970085460993	143.61	0	0	psY3A0QlpwwVPVjLz83r6w	Norway	gen4	no road name
92b6110c-b604-47d6-937a-8b5b78453678	77334311	23.23638176529096	56.508068520806056	165.95	0	0	FmLhCDEVCNrbOdah2pR7Hg	Oman	gen4	no road name
92b6110c-b604-47d6-937a-8b5b78453678	52088447	8.91086534062896	-79.70178089223455	7.57	0	0	LJk3uUq1HFr_w8ChpwPPww	Panama	gen4	no road name
92b6110c-b604-47d6-937a-8b5b78453678	36959221	-5.672729340137761	-78.38937888879212	48.17	0	0	NNir0eR-5XOp7JB3DV7Blw	Peru	gen4	no road name
92b6110c-b604-47d6-937a-8b5b78453678	54236611	10.638871015176251	123.8039301039518	143.89	0	0	g_DlpiSGSkQLq_POY-exKQ	Philippines	gen4	no road name
92b6110c-b604-47d6-937a-8b5b78453678	219281415	51.44616924626022	22.559067916424176	245.51	0	0	LB1LTSVafnRrgyXZmqxZBA	Poland	gen4	no road name
92b6110c-b604-47d6-937a-8b5b78453678	140521870	41.20646555076081	-7.666439350439859	305.88	0	0	8uBs0C-kQnW8ZrpuK9dPoA	Portugal	gen4	no road name
92b6110c-b604-47d6-937a-8b5b78453678	81560285	25.203971341649815	51.49229671666028	54.77	0	0	asXRjlGy5MJFpvbrST3KBQ	Qatar	gen4	no road name
92b6110c-b604-47d6-937a-8b5b78453678	170097190	44.9379099238689	25.981473994481874	188.54	0	0	Z_MRHJzqq-mpYGiR7qjnRg	Romania	gen4	no road name
92b6110c-b604-47d6-937a-8b5b78453678	250760262	67.22583187870187	78.80874922801402	191.87	0	0	mNqhhTf4DKLb0YB5ifZCrg	Russia	gen4	no road name
92b6110c-b604-47d6-937a-8b5b78453678	41198131	-1.2590038979682099	30.411793217364952	169	0	0	BB6DuymxD-Q9SsIDcRmenQ	Rwanda	gen4	no road name
92b6110c-b604-47d6-937a-8b5b78453678	60178706	14.710909356312632	-16.58002924093105	28.17	0	0	ENvvYGHVq8hs0cvA561-DA	Senegal	gen4	no road name
92b6110c-b604-47d6-937a-8b5b78453678	159388756	43.52459791608353	21.07419758822065	214.9365	0	0	UpXk01BezWEZDbjtccn_Vw	Serbia	gen4	no road name
92b6110c-b604-47d6-937a-8b5b78453678	43934688	1.3742555161913634	103.8586921372599	245.19	0	0	rM4CIrFn--nYZzurWjDrKQ	Singapore	gen4	no road name
92b6110c-b604-47d6-937a-8b5b78453678	197338529	48.207063156152294	18.931215681413864	232.22	0	0	tGYgWpxbXODHYoSyBO3B0g	Slovakia	gen4	no road name
92b6110c-b604-47d6-937a-8b5b78453678	177160585	45.671759046033785	14.705920091823485	316.66	0	0	IbgSJd6ouTlnsEx53RzehA	Slovenia	gen4	no road name
92b6110c-b604-47d6-937a-8b5b78453678	13641240	-26.400502927097644	27.36940623790026	81.51	0	0	wdAkso7S7XWrHk5QSsWaRg	South Africa	gen4	no road name
92b6110c-b604-47d6-937a-8b5b78453678	110864772	36.83099116750359	-5.379069258796353	210.83	0	0	p0fCjYK7rlb6nNs58lUqBA	Spain	gen4	no road name
92b6110c-b604-47d6-937a-8b5b78453678	50794634	7.464461359294874	80.61480483259986	199.74	0	0	O2BeJMulCj2g_LDqyn9XEA	Sri Lanka	gen4	no road name
92b6110c-b604-47d6-937a-8b5b78453678	237686416	56.126194039470604	13.862246624102351	259.08	0	0	kWpdwOvVGQEiVeiY9LMPOw	Sweden	gen4	no road name
92b6110c-b604-47d6-937a-8b5b78453678	182681042	46.25141400283484	7.277907924505277	73.85	0	0	-2V36RofOoLOxH79gyKheg	Switzerland	gen4	no road name
92b6110c-b604-47d6-937a-8b5b78453678	77825274	23.469620365764133	120.40193576390479	44.84	0	0	yXh31IuUIuynKTVp0gV3BQ	Taiwan	gen4	no road name
92b6110c-b604-47d6-937a-8b5b78453678	59982746	14.623477320390208	100.48741346178352	332.28	0	0	cj6uTYuQqPG6DyNgsUZZGQ	Thailand	gen4	no road name
92b6110c-b604-47d6-937a-8b5b78453678	127437084	39.5905807660935	26.620291272230244	118.79	0	0	TJoLhrbMiUOlZjqpwKXNEA	Turkey	gen4	no road name
92b6110c-b604-47d6-937a-8b5b78453678	81650756	25.242863632076894	55.32110874299903	359.3	0	0	q8vmj9XmSIEOEGERJd5PqA	UAE	gen4	no road name
92b6110c-b604-47d6-937a-8b5b78453678	104755336	35.527385885651924	-82.68541561251278	259.91	0	0	kxSQ8pFYqeQRuijM5DE09Q	USA	gen4	no road name
92b6110c-b604-47d6-937a-8b5b78453678	229407537	53.380383064991356	-4.349781873039921	137.68	0	0	F-MobPjZ8DG0qVjvcnyshg	United Kingdom	gen4	no road name
92b6110c-b604-47d6-937a-8b5b78453678	56827290	12.47764361370956	107.85540576833714	163.96	0	0	UIhDOXVOgrLGrj5t5anVtQ	Vietnam	gen4	no road name
92b6110c-b604-47d6-937a-8b5b78453678	137663061	40.897559663623625	20.719492578900823	322.2413	0	0	t7FUk1jmZla0910zovIrTA	Albania	gen4	no road name
92b6110c-b604-47d6-937a-8b5b78453678	7403738	-33.01213867512876	-68.48424203578004	125.65	0	0	qsXyK1BuLTKjX7LfcAnsmQ	Argentina	gen4	no road name
92b6110c-b604-47d6-937a-8b5b78453678	6510079	-33.68934326599249	149.56646047582817	219.99	0	0	VtALNUt4-0zWSB2H3pSQ5w	Australia	gen4	no road name
92b6110c-b604-47d6-937a-8b5b78453678	196035153	48.05518020957462	13.777064827719531	356.18	0	0	5MAWy3MbQZVOY8pYKamuRQ	Austria	gen4	no road name
92b6110c-b604-47d6-937a-8b5b78453678	74038935	21.460084033071695	92.03857743608592	73.19	0	0	urPsZ5WobCv3CHPYYsvXFQ	Bangladesh	gen4	no road name
92b6110c-b604-47d6-937a-8b5b78453678	212427340	50.43297216261934	5.33441196962432	210.73	0	0	QGs07LgqQXhK0eiArKDy9w	Belgium	gen4	no road name
92b6110c-b604-47d6-937a-8b5b78453678	22919161	-18.977858684992682	-48.21377675243658	172.78	0	0	bwtqOkjJB8Bwz8OF69Stwg	Brazil	gen4	no road name
92b6110c-b604-47d6-937a-8b5b78453678	142174537	41.41298764380229	25.68959364770287	99.64	0	0	7tHjn-OJuMl6LUKsi2_zfQ	Bulgaria	gen4	no road name
92b6110c-b604-47d6-937a-8b5b78453678	204983304	49.26542541096429	-123.10010419348234	181.92	0	0	yPI7FmMkPI-5C-S_jislWw	Canada	gen4	no road name
92b6110c-b604-47d6-937a-8b5b78453678	1249857	-39.77050352926596	-73.28310857694713	214.29	0	0	B0tCNrd3Zra0sh94knEVRQ	Chile	gen4	no road name
92b6110c-b604-47d6-937a-8b5b78453678	47038715	4.9921815277801596	-73.27579145204166	337.26	0	0	HbgTkHQNE2I1FPVS8x0H-w	Colombia	gen4	no road name
92b6110c-b604-47d6-937a-8b5b78453678	53295483	9.997503589292954	-85.39289744919594	43.09	0	0	QvTMQ-EXM7OerOluJKKvYQ	Costa Rica	gen4	no road name
92b6110c-b604-47d6-937a-8b5b78453678	171827385	45.14748632909791	18.27774547326368	273	0	0	TVI44XBH8GZZj5EAMVMckA	Croatia	gen4	no road name
92b6110c-b604-47d6-937a-8b5b78453678	208893992	49.89487514839499	14.502012573932113	158.94	0	0	bHjMrQb03R-R3sU1f8CdXQ	Czechia	gen4	no road name
92b6110c-b604-47d6-937a-8b5b78453678	247849435	62.16277451373542	-7.09257316567759	63.77	0	0	f5-gJYedCjRxYuLRt9JSrw	Denmark	gen4	no road name
92b6110c-b604-47d6-937a-8b5b78453678	41531906	-0.9572482159303404	-78.67987863859928	37.01	0	0	T5gcwMVr54q3LxH4ftxs_w	Ecuador	gen4	no road name
92b6110c-b604-47d6-937a-8b5b78453678	242233141	58.8051843033542	25.48703345101888	89.2	0	0	r16m398naOxZjeq1qglcqw	Estonia	gen4	no road name
92b6110c-b604-47d6-937a-8b5b78453678	248844643	63.135918264003934	22.81519091717703	210.54	0	0	m7IVcHQ-eE3U6G4PuekR8g	Finland	gen4	no road name
92b6110c-b604-47d6-937a-8b5b78453678	182555674	46.23599697006839	6.02871651298295	86.16	0	0	i7k-h13sBODEzotIfRdDWg	France	gen4	no road name
92b6110c-b604-47d6-937a-8b5b78453678	142333525	41.43214864535049	45.0657926203919	333.34966	0	0	1U_7b1qTYT2KpnCbvQaTEg	Georgia	gen4	no road name
92b6110c-b604-47d6-937a-8b5b78453678	210567414	50.131705520509655	11.471897193615407	306.28	0	0	2nSveQFYxBb9vKWIHplmJw	Germany	gen4	no road name
92b6110c-b604-47d6-937a-8b5b78453678	47884806	5.639182136696974	-0.2772804903188356	47.994609999999966	0	0	OO6La-I7Y2JEPi2yASTnfA	Ghana	gen4	no road name
92b6110c-b604-47d6-937a-8b5b78453678	124365111	39.05337085822159	21.114187255377967	2.29	0	0	i-I0NVFtaQbtZMVoKxiKQA	Greece	gen4	no road name
92b6110c-b604-47d6-937a-8b5b78453678	187661707	46.92621498491086	19.668952783896454	210	0	0	uQJOlyBtnuFPTyy2YOMigw	Hungary	gen4	no road name
92b6110c-b604-47d6-937a-8b5b78453678	250459789	65.86232710063375	-23.310370220480067	325.34	0	0	upJLhl92Jq4k8L07ww8X6g	Iceland	gen4	no road name
92b6110c-b604-47d6-937a-8b5b78453678	65159583	17.563742174703737	76.11996220999013	89.32	0	0	7aNSboA5bLurXJoTuB-XOg	India	gen4	no road name
92b6110c-b604-47d6-937a-8b5b78453678	35467092	-6.495376651474431	106.60732564784664	352.93	0	0	TsmeWG64S_Rgq-zeXRg9JA	Indonesia	gen4	no road name
92b6110c-b604-47d6-937a-8b5b78453678	226218314	52.64057297567624	-7.964014620958325	116.64	0	0	Ihrx6qeZDp604JZwqvUs9Q	Ireland	gen4	no road name
92b6110c-b604-47d6-937a-8b5b78453678	91678770	32.31003205254612	34.86585923598718	191.28	0	0	bEBD1ItGTQquna5tW-5VFw	Israel	gen4	no road name
92b6110c-b604-47d6-937a-8b5b78453678	147168102	42.01224601763264	13.654615903265194	187.1	0	0	p_23hGTgf0JVTOaQKAAitA	Italy	gen4	no road name
92b6110c-b604-47d6-937a-8b5b78453678	101960815	35.05680650517042	134.0124693028598	75.03	0	0	VgREXNYlg0kbbAO_LPzxmg	Japan	gen4	no road name
92b6110c-b604-47d6-937a-8b5b78453678	157180928	43.31051229238698	76.18070710676896	122.1	0	0	aLZyaHGOSS_6_f8zUYfyqA	Kazakhstan	gen4	no road name
92b6110c-b604-47d6-937a-8b5b78453678	41302012	-1.1877442665063775	37.36190899673631	163.69	0	0	l8yV6r09wTrR5gsi8uQeGQ	Kenya	gen4	no road name
92b6110c-b604-47d6-937a-8b5b78453678	238933617	56.74280839802408	23.05671103396592	66.78	0	0	-0Q9WZACbgl-4T88eLyiJw	Latvia	gen4	no road name
92b6110c-b604-47d6-937a-8b5b78453678	234495954	54.92134561345609	23.960349475884154	144.01	0	0	tOqiR8R2esPqNe6pivOAvQ	Lithuania	gen4	no road name
92b6110c-b604-47d6-937a-8b5b78453678	206660158	49.547685948572216	6.117033738711655	104.48	0	0	bOkTQDGNVQY2l7BiVmpsDw	Luxembourg	gen4	no road name
92b6110c-b604-47d6-937a-8b5b78453678	45549338	3.2215107385753665	101.70726236153169	209.95	0	0	ftmyI4a2C1gGddi5Y-OfvQ	Malaysia	gen4	no road name
92b6110c-b604-47d6-937a-8b5b78453678	76543416	22.883032415411257	-102.30793192591638	124.34	0	0	u-vqdLKenF_dtBGVdEQJfw	Mexico	gen4	no road name
92b6110c-b604-47d6-937a-8b5b78453678	203157187	48.985806403414536	89.95834609460621	14.86	0	0	tuVzI36eOeFTURQp2ZPwgQ	Mongolia	gen4	no road name
92b6110c-b604-47d6-937a-8b5b78453678	149425655	42.33380526625058	19.09653326091057	139.13016	0	0	rzaPj-VvFSN0P5ubFeYj8Q	Montenegro	gen4	no road name
92b6110c-b604-47d6-937a-8b5b78453678	18606299	-22.655145693122776	14.557800739391725	121.98	0	0	pwkrXf0cox0KAva37uK4Tw	Namibia	gen4	no road name
92b6110c-b604-47d6-937a-8b5b78453678	219462454	51.47561879924629	4.308029198593325	356	0	0	gusHdFTfn4K5eMigMedDpg	Netherlands	gen4	no road name
92b6110c-b604-47d6-937a-8b5b78453678	1058273	-40.839950859437096	172.4519043666796	205.98	0	0	h-ncEyRLGOlpzH4yWs7zOw	New Zealand	gen4	no road name
92b6110c-b604-47d6-937a-8b5b78453678	56075519	11.672345903318272	11.047971654883453	91.68	0	0	i9khvXUbJrL5nfK15N6u5w	Nigeria	gen4	no road name
92b6110c-b604-47d6-937a-8b5b78453678	146741982	41.9513097920338	20.89416806048306	283.17728	0	0	csDqqjeDTWlK-G-9f5KS-w	North Macedonia	gen4	no road name
92b6110c-b604-47d6-937a-8b5b78453678	250981774	69.02521806613281	19.55877266202431	266.71	0	0	kxBZcXZlEuBkTqv_tsgBqQ	Norway	gen4	no road name
92b6110c-b604-47d6-937a-8b5b78453678	77582842	23.34782179848945	58.01737072894705	41.45	0	0	kxRVoxZhKTNCmz9mWU_FNg	Oman	gen4	no road name
92b6110c-b604-47d6-937a-8b5b78453678	52556159	9.33191108070284	-79.87209423761766	183.41	0	0	_48lbInrfK441cK28Z9ZqQ	Panama	gen4	no road name
92b6110c-b604-47d6-937a-8b5b78453678	26331044	-12.24919912917747	-75.20864038080822	159.94	0	0	SiYsdskcU0tGNCOS6FxH3Q	Peru	gen4	no road name
92b6110c-b604-47d6-937a-8b5b78453678	59206653	14.145959359548897	121.39823979335567	4.93	0	0	r8NwZyrGkt1JMmn4vd9zEg	Philippines	gen4	no road name
92b6110c-b604-47d6-937a-8b5b78453678	217402963	51.13722437182645	20.52016898401954	267.18	0	0	U8LoZhArgnQkZCWpyrD2Dw	Poland	gen4	no road name
92b6110c-b604-47d6-937a-8b5b78453678	129510293	39.89733351609967	-8.80170490596752	222.79	0	0	cI_qtQjxM4Me6Hb8bgSFpg	Portugal	gen4	no road name
92b6110c-b604-47d6-937a-8b5b78453678	81063040	25.014503547153936	51.03215511881854	316.79	0	0	eiCihjFeDf4a2qPlVmSEuA	Qatar	gen4	no road name
92b6110c-b604-47d6-937a-8b5b78453678	165352834	44.30389135431561	23.7953741599231	151.72	0	0	WDaxtQQaa08uMOHXhOKPdQ	Romania	gen4	no road name
92b6110c-b604-47d6-937a-8b5b78453678	244705693	60.04302351175428	30.22125225586344	274.07	0	0	nxGEMcYA00HNdN_SNdmoDA	Russia	gen4	no road name
92b6110c-b604-47d6-937a-8b5b78453678	41051887	-1.3493294542333651	30.282726288127595	145.67	0	0	QtywE1Sj2wpiCQg0dYg49g	Rwanda	gen4	no road name
92b6110c-b604-47d6-937a-8b5b78453678	60669772	14.898685480732532	-15.87707980055212	273.65	0	0	l0BWZNfqNfXBWu_slRhOKQ	Senegal	gen4	no road name
92b6110c-b604-47d6-937a-8b5b78453678	163043661	43.94828118257965	20.657599607568795	294.87628	0	0	novAePhXkD4MgTTNucz-mw	Serbia	gen4	no road name
92b6110c-b604-47d6-937a-8b5b78453678	43883960	1.3400364011134516	103.83252317992779	298.81	0	0	WoLZQGkxLs0p3luf54yTFQ	Singapore	gen4	no road name
92b6110c-b604-47d6-937a-8b5b78453678	202117881	48.81125028987106	22.018643971257863	83.89	0	0	9BifF7T_pHxNdVUOK8d6Qw	Slovakia	gen4	no road name
92b6110c-b604-47d6-937a-8b5b78453678	179777820	45.921505423916706	14.313940691982394	83.1	0	0	fY8Pcf9WB2parFEfJueUKw	Slovenia	gen4	no road name
92b6110c-b604-47d6-937a-8b5b78453678	9461134	-30.222582631557593	17.761399263343858	76.39	0	0	6CLQvL4pzpyzu4MZxbleLQ	South Africa	gen4	no road name
92b6110c-b604-47d6-937a-8b5b78453678	110541689	36.768953074232826	-3.5915249063490666	267.81	0	0	rHFRMMTBGCgUjOrkq7AvWA	Spain	gen4	no road name
92b6110c-b604-47d6-937a-8b5b78453678	51202676	7.915057245950169	81.00609173968652	343.26	0	0	1t1Mj_OL8w2YRbQTB3y4DA	Sri Lanka	gen4	no road name
92b6110c-b604-47d6-937a-8b5b78453678	243694575	59.50573384604524	16.16803817272904	254.73	0	0	8nTa9sNOTRk_sdAKgz9itw	Sweden	gen4	no road name
92b6110c-b604-47d6-937a-8b5b78453678	187522207	46.90617640477481	7.8791609260084465	310.79	0	0	hK7GTLsL-UJ6R_KWLr7UWA	Switzerland	gen4	no road name
92b6110c-b604-47d6-937a-8b5b78453678	75905833	22.598224503114043	120.95891767711392	46.92	0	0	evfeACwuLD8scCkUm98XGg	Taiwan	gen4	no road name
92b6110c-b604-47d6-937a-8b5b78453678	58327639	13.681540342297618	99.9456306281459	92	0	0	sb2iQMiGduLw1DeS36ZHSg	Thailand	gen4	no road name
92b6110c-b604-47d6-937a-8b5b78453678	126889679	39.50698254224046	43.505040846779444	246.92	0	0	i9-mSFlSaQolyFpAkvPmzQ	Turkey	gen4	no road name
92b6110c-b604-47d6-937a-8b5b78453678	80936969	24.96971301457945	55.04541282271075	48.79	0	0	7CJUvc4ONe2WcMscP73jDg	UAE	gen4	no road name
92b6110c-b604-47d6-937a-8b5b78453678	85705414	27.81003823899858	-82.66415318580418	167.86	0	0	wZh33kG0sd191LcVNdMtHw	USA	gen4	no road name
92b6110c-b604-47d6-937a-8b5b78453678	210406450	50.10781243673118	-5.140132018867011	47.39	0	0	u9sWLUmguMjRf2CeW2MnWg	United Kingdom	gen4	no road name
92b6110c-b604-47d6-937a-8b5b78453678	55912670	11.552679295569547	106.56197587140846	111.79	0	0	kejskspAy-G8JdqZId7FuQ	Vietnam	gen4	no road name
92b6110c-b604-47d6-937a-8b5b78453678	141903726	41.379226251892405	19.61178683750957	19.65001	0	0	vcOXyr-lDnPhw95C2Xrhaw	Albania	gen4	no road name
92b6110c-b604-47d6-937a-8b5b78453678	11071245	-28.574890472425224	-67.44662466646663	258.71	0	0	DZTn5dajSId_wAt4iHxuKQ	Argentina	gen4	no road name
92b6110c-b604-47d6-937a-8b5b78453678	8324439	-31.961110365914887	115.81900788298934	63.39	0	0	2k3QQAMxorz-Ce5lvrgV-g	Australia	gen4	no road name
92b6110c-b604-47d6-937a-8b5b78453678	189139892	47.13755426333089	15.329314929432984	28.26	0	0	Unt0kK_8dcLiIx1QEunjaw	Austria	gen4	no road name
92b6110c-b604-47d6-937a-8b5b78453678	79040671	23.967920536355273	90.35258150704475	333.57	0	0	VV6gCcQThIhP2m3GjDS6wg	Bangladesh	gen4	no road name
92b6110c-b604-47d6-937a-8b5b78453678	215647599	50.902101157572865	3.9230535895306833	126.36	0	0	-uQd4AmluCEb5RK2VivYQg	Belgium	gen4	no road name
92b6110c-b604-47d6-937a-8b5b78453678	20822510	-20.88494591205668	-45.874650266350045	240.77	0	0	lji9HN4Z2TtQlmLx45nAgA	Brazil	gen4	no road name
92b6110c-b604-47d6-937a-8b5b78453678	145442990	41.77436295797687	24.383855367376263	152.76	0	0	nXp66BBi9cAuIHDYsNZJqA	Bulgaria	gen4	no road name
92b6110c-b604-47d6-937a-8b5b78453678	234861134	55.07262067911293	-101.11100717570865	329.92	0	0	KKuJeXFjBszXhCAsoSeVMQ	Canada	gen4	no road name
92b6110c-b604-47d6-937a-8b5b78453678	4320038	-35.094546340302216	-71.31922056250892	210.89	0	0	jWzT_r6plI0jLwHwG_m1wg	Chile	gen4	no road name
92b6110c-b604-47d6-937a-8b5b78453678	47577176	5.496708076563094	-73.5644155564148	174.53	0	0	5lCOOVx8aTgIbScCHDI0-Q	Colombia	gen4	no road name
92b6110c-b604-47d6-937a-8b5b78453678	54069848	10.54467130028476	-85.70832450094336	247.24	0	0	2sjRLouh6fRstLb56jy-Mg	Costa Rica	gen4	no road name
92b6110c-b604-47d6-937a-8b5b78453678	170429834	44.98092045726792	14.990009463822604	247.7	0	0	NVBLFM3MsCPcDkjwS2wgXQ	Croatia	gen4	no road name
92b6110c-b604-47d6-937a-8b5b78453678	205462141	49.34396818830658	15.742836943788031	172.89	0	0	B2W4EccMjcRH3PG7ZYd71g	Czechia	gen4	no road name
92b6110c-b604-47d6-937a-8b5b78453678	237327589	55.98036802105299	10.16137712931718	8.16	0	0	XjZ_3Dq4cXi4dEj7tZfQVQ	Denmark	gen4	no road name
92b6110c-b604-47d6-937a-8b5b78453678	41183173	-1.2665071100467176	-78.49176937544424	215.35	0	0	xZzsaEte6PzF77UR5D2nLA	Ecuador	gen4	no road name
92b6110c-b604-47d6-937a-8b5b78453678	242238427	58.80971501624854	25.50303198208961	53.74	0	0	a6apy36FpSjgwTPwKjuAkQ	Estonia	gen4	no road name
92b6110c-b604-47d6-937a-8b5b78453678	247250632	61.56015335616485	28.48962171562037	268.14	0	0	JIRz5zsxGBoqHoYByczgbg	Finland	gen4	no road name
92b6110c-b604-47d6-937a-8b5b78453678	199478499	48.46926940839295	-3.0743594864134938	45.23	0	0	Rl4M4RJXqeQgXmqrVV4aXw	France	gen4	no road name
92b6110c-b604-47d6-937a-8b5b78453678	143788075	41.59260710566814	44.9949378725128	233.381668	0	0	xxvYwWCqthkff-mOd3ellA	Georgia	gen4	no road name
92b6110c-b604-47d6-937a-8b5b78453678	215853388	50.92721495820557	7.0215985713880835	255.01	0	0	w8xvvUBm-Pg-yjaQLPzMmw	Germany	gen4	no road name
92b6110c-b604-47d6-937a-8b5b78453678	49786081	6.740487582093248	-1.5905351884090424	6.3983499999999935	0	0	0atFfRf-qOQ-xu3lCDFS9w	Ghana	gen4	no road name
92b6110c-b604-47d6-937a-8b5b78453678	102692326	35.17519042563065	25.332216097083503	177.58	0	0	UssAohfrhnFqZYL7Vn3cdw	Greece	gen4	no road name
92b6110c-b604-47d6-937a-8b5b78453678	186471473	46.77223310272693	18.8713687576579	156.92	0	0	rFPmdxoFID4h3Pote5fU8Q	Hungary	gen4	no road name
92b6110c-b604-47d6-937a-8b5b78453678	249729786	64.1390423084567	-21.84073894353111	322.86	0	0	qQCd0Te_P7iZy5pfxMyHYg	Iceland	gen4	no road name
92b6110c-b604-47d6-937a-8b5b78453678	90356776	31.608884095375817	75.47141069553592	339.88	0	0	tz1Hkml9n13DsB0J6cn1ZA	India	gen4	no road name
92b6110c-b604-47d6-937a-8b5b78453678	41537310	-0.9542475519416361	123.38513041588122	194.78	0	0	Kdjr4IdUtsV3EwdRY5JuSg	Indonesia	gen4	no road name
92b6110c-b604-47d6-937a-8b5b78453678	227226836	52.88934870949484	-8.015080454010764	186.94	0	0	YhotsU7f18B2jXk7xM1a7A	Ireland	gen4	no road name
92b6110c-b604-47d6-937a-8b5b78453678	91249260	32.06559998463033	34.844109188967344	73.88	0	0	tLQwuuembM2weWBZ7QkIYA	Israel	gen4	no road name
92b6110c-b604-47d6-937a-8b5b78453678	173798370	45.375293565512216	11.390600700691747	7.18	0	0	0aox7bPOSzMVoTMtdThmRg	Italy	gen4	no road name
92b6110c-b604-47d6-937a-8b5b78453678	94004151	33.17126972881733	130.4992111492622	280.95	0	0	GZaR0SY1LI0vKqxoE2gSWA	Japan	gen4	no road name
92b6110c-b604-47d6-937a-8b5b78453678	221030404	51.71951128026978	75.30623760580069	265.28	0	0	4tC-CUlC9jLQCMm9Fsso4g	Kazakhstan	gen4	no road name
92b6110c-b604-47d6-937a-8b5b78453678	38421505	-4.142582388059941	39.5857592868888	149.23	0	0	2VmpNXtoWeXvyrtIJjPSXA	Kenya	gen4	no road name
92b6110c-b604-47d6-937a-8b5b78453678	238853976	56.69816151914911	23.70075141177789	309.86	0	0	Nu_V38VxTL2AJ8rWgpegQA	Latvia	gen4	no road name
92b6110c-b604-47d6-937a-8b5b78453678	235629742	55.465840671886966	25.16505724463732	80.48	0	0	g9xCyTgcCx9adhSi9hfdjA	Lithuania	gen4	no road name
92b6110c-b604-47d6-937a-8b5b78453678	208427182	49.830412972966286	6.0990737536827115	4	0	0	pltGzKFqLQlop8pX4k0peA	Luxembourg	gen4	no road name
92b6110c-b604-47d6-937a-8b5b78453678	48455683	5.948178642505072	116.77193905848034	270.86	0	0	AklBUzU3WNNK9r5UoSrk3Q	Malaysia	gen4	no road name
92b6110c-b604-47d6-937a-8b5b78453678	87638298	29.610247713995932	-109.47718866253324	298.82	0	0	OqFMJgQXYbYM_HUrSy8ELg	Mexico	gen4	no road name
92b6110c-b604-47d6-937a-8b5b78453678	193630864	47.73071419861523	96.15713556763255	96.32	0	0	TWaE5f6tMgULqQK-cZWcFg	Mongolia	gen4	no road name
92b6110c-b604-47d6-937a-8b5b78453678	154376813	43.02329513045185	19.70699015660428	329.10086	0	0	f7aenmhjdeqrrPRI9a-xoQ	Montenegro	gen4	no road name
92b6110c-b604-47d6-937a-8b5b78453678	23732045	-17.40077103576955	15.887838448639481	106.67	0	0	uJ4Ixt3bed4NsRTP2762HQ	Namibia	gen4	no road name
92b6110c-b604-47d6-937a-8b5b78453678	226489002	52.697499453694995	5.144169572837883	70.51	0	0	qUsax2yPuWa1ZJXVh4busQ	Netherlands	gen4	no road name
92b6110c-b604-47d6-937a-8b5b78453678	1088534	-40.64967807712402	175.26674029602137	37.15	0	0	cNsLeNRxrmiKJ-FA7mDLkA	New Zealand	gen4	no road name
92b6110c-b604-47d6-937a-8b5b78453678	49132378	6.363788277320404	7.963667860701291	84.13	0	0	4ohsPwcFdPUEA1FvtRjHxw	Nigeria	gen4	no road name
92b6110c-b604-47d6-937a-8b5b78453678	146302014	41.89142720749958	21.28463122694993	70.88643	0	0	g24714fseDoCs--NzQrhdg	North Macedonia	gen4	no road name
92b6110c-b604-47d6-937a-8b5b78453678	245396126	60.41526243359587	10.716578941884283	44.06	0	0	rak3W2kclnpbqMxidxBviA	Norway	gen4	no road name
92b6110c-b604-47d6-937a-8b5b78453678	78360479	23.700868036437384	57.84082927677638	174.55	0	0	KlZZuqkOnDmYSHRj3_ppBA	Oman	gen4	no road name
92b6110c-b604-47d6-937a-8b5b78453678	52339653	9.124073838375494	-79.32045544236918	136.09	0	0	C0S-1DJ8vQAAg1P5h4mNKg	Panama	gen4	no road name
92b6110c-b604-47d6-937a-8b5b78453678	25904498	-13.006398456271977	-73.94329206656305	132.17	0	0	61xXpc3X3sWz-QWK3-6s2Q	Peru	gen4	no road name
92b6110c-b604-47d6-937a-8b5b78453678	63079141	16.399693546065212	120.56921272691925	35.45	0	0	hli7mghd7YEESHYCjhYM7g	Philippines	gen4	no road name
92b6110c-b604-47d6-937a-8b5b78453678	220396026	51.61469900852688	20.06824090993329	227.51	0	0	I3kSRr9z8Ghe7xIsR8Xnwg	Poland	gen4	no road name
92b6110c-b604-47d6-937a-8b5b78453678	123536729	38.91365963804433	-8.773614047867683	253.3	0	0	e0MAnrlf3Xxa4RzcxeS4fw	Portugal	gen4	no road name
92b6110c-b604-47d6-937a-8b5b78453678	82490991	25.61381781409947	51.33683798203575	25.31	0	0	Vj1l486XKJrATUgyLtO1nQ	Qatar	gen4	no road name
92b6110c-b604-47d6-937a-8b5b78453678	177928455	45.74445242645644	21.242523914739092	153.45	0	0	sgUG611vde2gMTDeRflLiQ	Romania	gen4	no road name
92b6110c-b604-47d6-937a-8b5b78453678	240144395	57.43707905697679	88.60001715670573	2.07	0	0	MmPMVl9cEub6xLifL_MOBw	Russia	gen4	no road name
92b6110c-b604-47d6-937a-8b5b78453678	40517201	-1.9184988566392727	30.423786506452156	259.55	0	0	i0kWZSU2axjgOgmikyIFug	Rwanda	gen4	no road name
92b6110c-b604-47d6-937a-8b5b78453678	60432771	14.80340992917744	-17.055113997166696	148.95	0	0	zBD-pvUDx4cx9SYBiA6Xag	Senegal	gen4	no road name
92b6110c-b604-47d6-937a-8b5b78453678	166776182	44.49815547498791	19.589613152277114	316.21567	0	0	R1XoG7XCNAucsswTRs4O0A	Serbia	gen4	no road name
92b6110c-b604-47d6-937a-8b5b78453678	44027675	1.4461169272825805	103.79336923554506	72.36	0	0	Dj0eJ3oYnILaTTrOmaktYg	Singapore	gen4	no road name
92b6110c-b604-47d6-937a-8b5b78453678	201517045	48.72867103189784	18.58720874143774	320.3	0	0	5As21Ah4zRHkcVLtkcxdGw	Slovakia	gen4	no road name
92b6110c-b604-47d6-937a-8b5b78453678	180946512	46.060696629745955	13.56187070523103	197.34	0	0	fmLcjQNhSVTn8SYCDZD-fw	Slovenia	gen4	no road name
92b6110c-b604-47d6-937a-8b5b78453678	9136861	-30.935927848360766	19.97864903265668	218.18	0	0	gkmkTOCIF8EjjjUdF7nUUw	South Africa	gen4	no road name
92b6110c-b604-47d6-937a-8b5b78453678	114062467	37.37905485998874	-6.122460672378311	85.6	0	0	SRMqj5Od--5Jh0z0niLfJg	Spain	gen4	no road name
92b6110c-b604-47d6-937a-8b5b78453678	49723809	6.710342698016801	80.42491904054555	45.69	0	0	f1Vjgjae56lXEStXvFbUHA	Sri Lanka	gen4	no road name
92b6110c-b604-47d6-937a-8b5b78453678	243895845	59.61622113402044	17.29657266348444	319.27	0	0	0Yt5ls5fSTFuHZ3HiqZehw	Sweden	gen4	no road name
92b6110c-b604-47d6-937a-8b5b78453678	189823669	47.22802254369821	9.191349070561143	204.15	0	0	UZBpioVSLsWk6VITG-QvVQ	Switzerland	gen4	no road name
92b6110c-b604-47d6-937a-8b5b78453678	79504115	24.185443105130986	120.48717652259798	290.14	0	0	dFoFsgpNHBu9Iic3RBYB1A	Taiwan	gen4	no road name
92b6110c-b604-47d6-937a-8b5b78453678	65425750	17.730888541985344	100.353692731384	3.47	0	0	nV6M3PcOrUc9rzFDeSVWog	Thailand	gen4	no road name
92b6110c-b604-47d6-937a-8b5b78453678	115226435	37.56226836755258	39.54449123574156	333.84	0	0	uJpOqKD5GoakHaq5j4rbwA	Turkey	gen4	no road name
92b6110c-b604-47d6-937a-8b5b78453678	81684668	25.256244707141832	55.30820943200273	236.11	0	0	fN2Pk3-sM_3x_nML4PkDVQ	UAE	gen4	no road name
92b6110c-b604-47d6-937a-8b5b78453678	134790802	40.58678971662079	-74.19338556271278	350.08	0	0	39nIQMaz05WuuX3rpSoI-w	USA	gen4	no road name
92b6110c-b604-47d6-937a-8b5b78453678	235752950	55.51213245966897	-2.71302485890264	135.94	0	0	slyxV7CRBn29guV8gLkjVA	United Kingdom	gen4	no road name
92b6110c-b604-47d6-937a-8b5b78453678	56509510	12.088404656608107	109.17854371841419	168.31	0	0	12ZAxYY3trrL_4TcNrz0eg	Vietnam	gen4	no road name
92b6110c-b604-47d6-937a-8b5b78453678	135289711	40.64254726367411	19.723620281134835	358.16556	0	0	gA3HENIkH1IPZvV9OEY4BQ	Albania	gen4	no road name
92b6110c-b604-47d6-937a-8b5b78453678	8080240	-32.20612716207317	-58.24583771535702	206.93	0	0	1TJsPg-TaRy7AKtnxoQF8Q	Argentina	gen4	no road name
92b6110c-b604-47d6-937a-8b5b78453678	2474071	-37.76711655239115	144.93977789063115	278.11	0	0	0ntgC8wXoff5xedr8NWYbQ	Australia	gen4	no road name
92b6110c-b604-47d6-937a-8b5b78453678	199121365	48.42781107126448	14.881143249541203	128.21	0	0	B1bdYwMiL2W7RsiLZtg16w	Austria	gen4	no road name
92b6110c-b604-47d6-937a-8b5b78453678	78913078	23.91501334526483	89.10853669209955	191.08	0	0	ljbRSqz7rgOGAsF6dZSA1g	Bangladesh	gen4	no road name
92b6110c-b604-47d6-937a-8b5b78453678	217068579	51.09221417110532	4.199026905257244	185.08	0	0	8GcJlfG6pqwE1ssOllA0nA	Belgium	gen4	no road name
92b6110c-b604-47d6-937a-8b5b78453678	37834179	-4.938481473140137	-39.07171720764317	127.67	0	0	KYS9CauINrXUvgvSvcPPww	Brazil	gen4	no road name
92b6110c-b604-47d6-937a-8b5b78453678	147578131	42.06833350010035	25.03773350595825	174.47	0	0	JO45IGNQOjXptEgVcfHMWA	Bulgaria	gen4	no road name
92b6110c-b604-47d6-937a-8b5b78453678	156342493	43.22997585939475	-79.6969526932281	29.49	0	0	mtXzADCBQf9BUym_i4y50Q	Canada	gen4	no road name
92b6110c-b604-47d6-937a-8b5b78453678	4862173	-34.72968553462327	-71.09732900011159	300	0	0	Nhy1uIW7SXqTX4d1Zm--bQ	Chile	gen4	no road name
92b6110c-b604-47d6-937a-8b5b78453678	46920768	4.861480808100113	-74.02870525190825	358.03	0	0	f5E0hwD6p8VBziEXLCxLBg	Colombia	gen4	no road name
92b6110c-b604-47d6-937a-8b5b78453678	54798156	10.900534074507865	-85.07605112268584	90.52	0	0	mdzuy7HVDLPDISloxhS0rw	Costa Rica	gen4	no road name
92b6110c-b604-47d6-937a-8b5b78453678	181198448	46.088713267660424	16.014883966148133	212.87	0	0	1-KMdZ_XREnwuggCL58DFw	Croatia	gen4	no road name
92b6110c-b604-47d6-937a-8b5b78453678	215000894	50.82107149400476	14.867860472093442	48.56	0	0	kVtYxavqol0awiKfgjusJA	Czechia	gen4	no road name
92b6110c-b604-47d6-937a-8b5b78453678	237664556	56.117935691839286	8.911075577517225	138.55	0	0	eIg1fc_flxLF6wE3WuIXXw	Denmark	gen4	no road name
92b6110c-b604-47d6-937a-8b5b78453678	42176861	-0.37402654930270834	-78.43509656989897	319.69	0	0	baElOJgwwGgpItc4DAMT3w	Ecuador	gen4	no road name
92b6110c-b604-47d6-937a-8b5b78453678	242002552	58.61428345892888	25.597891291751147	176.45	0	0	HakPbTCisqx3pcIIGbA7eg	Estonia	gen4	no road name
92b6110c-b604-47d6-937a-8b5b78453678	246971333	61.34071316845212	22.920482202420317	119.13	0	0	jMhaq-u_VRKuMW-PGpgyJw	Finland	gen4	no road name
92b6110c-b604-47d6-937a-8b5b78453678	162493523	43.87651997543365	2.1612303630470615	71.77	0	0	0HTLmyZ0qdd8EXjh8odJKQ	France	gen4	no road name
92b6110c-b604-47d6-937a-8b5b78453678	146764645	41.95449517756815	45.467162842229335	216.71994999999998	0	0	FTZSGGOiwd83FCDa0jPQ3A	Georgia	gen4	no road name
92b6110c-b604-47d6-937a-8b5b78453678	201566274	48.73523855786019	13.238593548313851	34.88	0	0	ic2kq-cZHEG7gMJxJT1OsA	Germany	gen4	no road name
92b6110c-b604-47d6-937a-8b5b78453678	47905184	5.648029128287382	-0.17978432357778928	347.75273000000004	0	0	7LAvn_NARjz3lx-7ZwwUMw	Ghana	gen4	no road name
92b6110c-b604-47d6-937a-8b5b78453678	119320658	38.16549875998733	20.48506887411605	183.43	0	0	HSHloK0qhyezjI6jTA-ckQ	Greece	gen4	no road name
92b6110c-b604-47d6-937a-8b5b78453678	192568699	47.57380702647648	18.436642129379774	177.92	0	0	CfirH6V7vDNeZx_J0hh1BQ	Hungary	gen4	no road name
92b6110c-b604-47d6-937a-8b5b78453678	249699330	64.10943406183641	-21.843556157797963	269	0	0	OtiunUzB2Y6rm3-uqMomPA	Iceland	gen4	no road name
92b6110c-b604-47d6-937a-8b5b78453678	51931905	8.731464672420191	77.65479354182892	256.38	0	0	pWOM4tYf7A52zkBjQYwLPQ	India	gen4	no road name
92b6110c-b604-47d6-937a-8b5b78453678	33892482	-6.988623998182555	111.06784125945151	187.41	0	0	Mf9UG39IRzbLxv7J-rtreQ	Indonesia	gen4	no road name
92b6110c-b604-47d6-937a-8b5b78453678	229844375	53.466584130259925	-6.954151339862755	329.05	0	0	DyZb2yWOrKewpAEtUUsZfQ	Ireland	gen4	no road name
92b6110c-b604-47d6-937a-8b5b78453678	91896101	32.41012962134795	34.940456584356475	279.34	0	0	X0ALQ7AwoVWZCqTGjO3MFw	Israel	gen4	no road name
92b6110c-b604-47d6-937a-8b5b78453678	121662741	38.60857172711973	15.993400538510546	88.7	0	0	FtIUxoajqxN6OaCIpwUuAA	Italy	gen4	no road name
92b6110c-b604-47d6-937a-8b5b78453678	92583177	32.66623592522154	130.90736624538204	45.54	0	0	_VRt-v8LvSw--5hC-N2oVQ	Japan	gen4	no road name
92b6110c-b604-47d6-937a-8b5b78453678	189078793	47.129247778146684	51.948828943723115	91.6	0	0	qky9WsRaA7qQYVgEpxyBkA	Kazakhstan	gen4	no road name
92b6110c-b604-47d6-937a-8b5b78453678	42218098	-0.33884545869360255	35.98519894317208	223.08	0	0	fOY0wkXeUQmVUvB61OEpKQ	Kenya	gen4	no road name
92b6110c-b604-47d6-937a-8b5b78453678	238368620	56.42765413046155	24.475998678502776	310.94	0	0	WMmz6inLLPOCX2v52hndmg	Latvia	gen4	no road name
92b6110c-b604-47d6-937a-8b5b78453678	235278037	55.29734407137163	23.86028409182626	293.54	0	0	3X47kLbgroBdOz4pQwWlEg	Lithuania	gen4	no road name
92b6110c-b604-47d6-937a-8b5b78453678	208601022	49.85404684890513	6.120822295383406	305.12	0	0	xk89lh7x-YIlOLlVv8Mdkw	Luxembourg	gen4	no road name
92b6110c-b604-47d6-937a-8b5b78453678	46184875	3.986412281695632	101.18129273591646	67.24	0	0	FrXVghN_Tej9g0hVXwyHJA	Malaysia	gen4	no road name
92b6110c-b604-47d6-937a-8b5b78453678	73601632	21.25632448928481	-98.68329731630261	189.96	0	0	NNepUWohDSpG3CxkMicDxQ	Mexico	gen4	no road name
92b6110c-b604-47d6-937a-8b5b78453678	193914995	47.775089116821796	107.66058362904147	303.72	0	0	39ciW13fJpM3mKYWhMnB7w	Mongolia	gen4	no road name
92b6110c-b604-47d6-937a-8b5b78453678	154561358	43.04458469751535	19.796092614673793	344.94064	0	0	aXNm_2CSPDQYRxBFaJL8Jg	Montenegro	gen4	no road name
92b6110c-b604-47d6-937a-8b5b78453678	19630931	-21.929903375005452	15.852305451083833	136.29	0	0	79VUl5pSXVac_NdMpPOX-g	Namibia	gen4	no road name
92b6110c-b604-47d6-937a-8b5b78453678	223644446	52.17707868385396	5.429220822443915	2.16	0	0	a8W4a-btqhNuqCuc57yIRQ	Netherlands	gen4	no road name
92b6110c-b604-47d6-937a-8b5b78453678	363963	-43.58437623366016	172.70563449817237	209.32	0	0	Lo7BFeuqKgHblMH6taI4hA	New Zealand	gen4	no road name
92b6110c-b604-47d6-937a-8b5b78453678	51002486	7.689960215584773	4.475724230438376	153.74	0	0	3NAMQsi4dshvjamI7wXXSw	Nigeria	gen4	no road name
92b6110c-b604-47d6-937a-8b5b78453678	143583166	41.57072616023469	20.61729316139158	195.15694	0	0	B2nd7-cLeS180VNKmIjCSw	North Macedonia	gen4	no road name
92b6110c-b604-47d6-937a-8b5b78453678	245846303	60.64799311927198	10.617072801414777	40.33	0	0	vIraH4DsgIWNv7EOBE2z0A	Norway	gen4	no road name
92b6110c-b604-47d6-937a-8b5b78453678	77929443	23.51822203196422	58.204217716443615	114.43	0	0	vKzm9H5DC4OC0ENxCnkWfg	Oman	gen4	no road name
92b6110c-b604-47d6-937a-8b5b78453678	51094660	7.806446098875258	-80.98092209655506	355.77	0	0	coBEBf-kMrqhyzrxDa98RQ	Panama	gen4	no road name
92b6110c-b604-47d6-937a-8b5b78453678	29548666	-8.090870245980625	-78.98422251581438	217.56	0	0	bv6MsaT-YtDKh5INvgeTLA	Peru	gen4	no road name
92b6110c-b604-47d6-937a-8b5b78453678	50017071	6.877248689939515	126.05070545917584	239.6	0	0	VJVRFxemTac-bMtBqSkXvg	Philippines	gen4	no road name
92b6110c-b604-47d6-937a-8b5b78453678	225086156	52.41471149601528	17.25779702805112	352.96	0	0	eowVOIuSzh8PSBiy1Z6TBQ	Poland	gen4	no road name
92b6110c-b604-47d6-937a-8b5b78453678	139616678	41.09896874114082	-7.9689668500903865	205.69	0	0	XXO8fBrlaeoOaxaufAlrjA	Portugal	gen4	no road name
92b6110c-b604-47d6-937a-8b5b78453678	81326050	25.106397324757815	51.58140620966933	203.05	0	0	tIBWeyme79zNZhyvpaOS3Q	Qatar	gen4	no road name
92b6110c-b604-47d6-937a-8b5b78453678	184576211	46.51797245023823	25.748803736904247	226.25	0	0	OODSs3XkgqkzpeZQGn9jTw	Romania	gen4	no road name
92b6110c-b604-47d6-937a-8b5b78453678	238118114	56.30235857151336	43.63255105355821	155.13	0	0	wtYKt4ILYlcXMOZ-AT2KFQ	Russia	gen4	no road name
92b6110c-b604-47d6-937a-8b5b78453678	40480172	-1.9526136375547087	30.367131694318374	238.26	0	0	IGFf8p93YhwURKNr7Ns9pw	Rwanda	gen4	no road name
92b6110c-b604-47d6-937a-8b5b78453678	60654350	14.89222741828773	-15.914172316297243	319.27	0	0	_SnMnWswK4QHhkizVmWW5g	Senegal	gen4	no road name
92b6110c-b604-47d6-937a-8b5b78453678	153958723	42.973873644998754	20.368220499430453	136.0846	0	0	nqD-XazYPy8WipcH0pg30g	Serbia	gen4	no road name
92b6110c-b604-47d6-937a-8b5b78453678	43893171	1.3455104127561557	103.71227751383323	144.37	0	0	MxRqsylQ16SX3B-PhkZNiw	Singapore	gen4	no road name
92b6110c-b604-47d6-937a-8b5b78453678	200158761	48.55345317075469	20.564373922352978	253.99	0	0	kqx34bSEoapu8-WRuf9SGQ	Slovakia	gen4	no road name
92b6110c-b604-47d6-937a-8b5b78453678	175843673	45.555675719189004	14.42679257376847	97.02	0	0	Vk-mUDI47nQpt8DQapa3nw	Slovenia	gen4	no road name
92b6110c-b604-47d6-937a-8b5b78453678	14875938	-25.577403973345795	27.99267972454383	19.27	0	0	Ao5T7Mpk9Mhg-GgpzNispA	South Africa	gen4	no road name
92b6110c-b604-47d6-937a-8b5b78453678	157578513	43.3450547846426	-3.6616558513907043	73.54	0	0	iC065iyysnE1hVaIjBkJSw	Spain	gen4	no road name
92b6110c-b604-47d6-937a-8b5b78453678	49175494	6.396917647154889	80.04726085251842	135.49	0	0	e8bn2NOopQ1YoY1Vq9SJXw	Sri Lanka	gen4	no road name
92b6110c-b604-47d6-937a-8b5b78453678	241800896	58.48400771948355	16.839230362495964	182.02	0	0	xRaVkXW_GT0T2Gw_PXKQKQ	Sweden	gen4	no road name
92b6110c-b604-47d6-937a-8b5b78453678	188276964	47.01441758559476	6.86820537288747	46.62	0	0	UKpcInob3XcFjOaA2W285Q	Switzerland	gen4	no road name
92b6110c-b604-47d6-937a-8b5b78453678	76154623	22.709666489406324	120.51080527235335	353.11	0	0	03oSeWJuk-H-KEXz4pu1Jw	Taiwan	gen4	no road name
92b6110c-b604-47d6-937a-8b5b78453678	59308107	14.217685693982537	100.30592611416074	101.71	0	0	L_UI7-Ip1lnOA7smtt-uXQ	Thailand	gen4	no road name
92b6110c-b604-47d6-937a-8b5b78453678	114664713	37.47473876580572	30.171043269187837	198.8	0	0	t5rdmdGXmGI5aPF3-xEpoA	Turkey	gen4	no road name
92b6110c-b604-47d6-937a-8b5b78453678	80678747	24.86226893122239	55.17658168618176	234.81	0	0	rbB8zozoFJw3ebfRkbovsA	UAE	gen4	no road name
92b6110c-b604-47d6-937a-8b5b78453678	93603523	33.0077186580171	-96.79796055891292	116.76	0	0	F7BETZRmqDCjE3LJXloJwg	USA	gen4	no road name
92b6110c-b604-47d6-937a-8b5b78453678	223662561	52.1804993630277	-3.2745885565101256	289.58	0	0	q-oxfh9ZhHjcXvQiO1gMCg	United Kingdom	gen4	no road name
92b6110c-b604-47d6-937a-8b5b78453678	60874970	15.002822824837141	108.9080537776394	81.93	0	0	33x9mhuTZzJhSDGipOMJ9g	Vietnam	gen4	no road name
92b6110c-b604-47d6-937a-8b5b78453678	135872477	40.704743477198974	20.83516976135528	179.5322	0	0	PuygorJkrmLf2to4pJw2Rw	Albania	gen4	no road name
92b6110c-b604-47d6-937a-8b5b78453678	10313885	-29.46957857416688	-66.89396681522996	358.75	0	0	umqNQvlU0qCBRJHs3tRH9Q	Argentina	gen4	no road name
92b6110c-b604-47d6-937a-8b5b78453678	6309967	-33.785034763675235	150.7756094016741	277.17	0	0	sboyb4tMzDx1cMHpY0v7cg	Australia	gen4	no road name
92b6110c-b604-47d6-937a-8b5b78453678	190390540	47.29673772477727	11.128744434843107	334.77	0	0	ury6ifX9KqeyiTztWRQ6tA	Austria	gen4	no road name
92b6110c-b604-47d6-937a-8b5b78453678	75573977	22.43663053896737	90.36933625126872	194.13	0	0	ePPcU-XnCWKV9eLNWRnaMg	Bangladesh	gen4	no road name
92b6110c-b604-47d6-937a-8b5b78453678	214687578	50.77850918350638	4.613658394648282	310.54	0	0	wWZeYKofg2ah-eKizss-zg	Belgium	gen4	no road name
92b6110c-b604-47d6-937a-8b5b78453678	20134803	-21.427977029279635	-42.37330109462171	121.45	0	0	2gdqFWS68qYxmHaY0JaSyQ	Brazil	gen4	no road name
92b6110c-b604-47d6-937a-8b5b78453678	145941379	41.839984785905656	23.843348158053097	342.14	0	0	gkwQwy5RGgRG1ZoSle-kcA	Bulgaria	gen4	no road name
92b6110c-b604-47d6-937a-8b5b78453678	175170875	45.49819426476281	-73.70338628297498	221.45	0	0	axv4xebbDDoXMH7QReA1IA	Canada	gen4	no road name
92b6110c-b604-47d6-937a-8b5b78453678	7343078	-33.046363230775114	-71.57761206614245	263.34317	0	0	21XDKz3_rOJkA1XJ9n3gdQ	Chile	gen4	no road name
92b6110c-b604-47d6-937a-8b5b78453678	47416981	5.361672080819848	-73.52315794044881	40.18	0	0	cvu849hNJ6qdXXP1TwTpmQ	Colombia	gen4	no road name
92b6110c-b604-47d6-937a-8b5b78453678	53802697	10.38135211144012	-85.11129070187067	9.31	0	0	zngOD2QsSsnipWrShufWSQ	Costa Rica	gen4	no road name
92b6110c-b604-47d6-937a-8b5b78453678	172649848	45.2498741132444	13.596973998297504	174.83	0	0	fWZuz0q1W38nH60d6sFhlA	Croatia	gen4	no road name
92b6110c-b604-47d6-937a-8b5b78453678	205998090	49.435967596326705	13.952582791541232	212.34	0	0	DDGP4tC-K1Hy6zzktIEXig	Czechia	gen4	no road name
92b6110c-b604-47d6-937a-8b5b78453678	236349829	55.71362818400168	12.542927299684825	276.95	0	0	jsHHqtllS0-LzMJj4INcWQ	Denmark	gen4	no road name
92b6110c-b604-47d6-937a-8b5b78453678	41675879	-0.8563529952602972	-78.64517617702828	60.88	0	0	afHfhD48_uZk_MKnVYZs0Q	Ecuador	gen4	no road name
92b6110c-b604-47d6-937a-8b5b78453678	242283389	58.848529836338976	26.272231784400887	216.66	0	0	Cin6hVdYG9Plg_U8gplPtw	Estonia	gen4	no road name
92b6110c-b604-47d6-937a-8b5b78453678	249802428	64.25123595281872	29.21022727296011	218.34	0	0	7ViW0Daz73fr5hQ5mo8Vfg	Finland	gen4	no road name
92b6110c-b604-47d6-937a-8b5b78453678	193959138	47.7819673808617	5.100533112086522	279.12	0	0	dqnUyYqlBlXaFdRbwqkSQw	France	gen4	no road name
92b6110c-b604-47d6-937a-8b5b78453678	144906689	41.709005387123746	45.32744927766126	129.09598	0	0	2AhaFZbsj-JF6ThvEwzbPA	Georgia	gen4	no road name
92b6110c-b604-47d6-937a-8b5b78453678	214081225	50.69592503511011	12.47950669110334	18.63	0	0	dZM9X-Rir_YMyPRvqwSDqw	Germany	gen4	no road name
92b6110c-b604-47d6-937a-8b5b78453678	47822700	5.612738283753632	-0.12002293779628972	266.2699	0	0	GmOx4Sf8EnIHaOj5ILDv8w	Ghana	gen4	no road name
92b6110c-b604-47d6-937a-8b5b78453678	135357996	40.64966944709472	22.889657316151695	4.06	0	0	jiDBbO0gZGcEFgHfST2ftA	Greece	gen4	no road name
92b6110c-b604-47d6-937a-8b5b78453678	184711451	46.536340716927924	18.958620302894772	311.37	0	0	mzzx5qPCYYqvL_Qyl6iMdQ	Hungary	gen4	no road name
92b6110c-b604-47d6-937a-8b5b78453678	249596860	63.97420036279045	-22.52277243999087	271.19	0	0	cYvaGy8GEfguP5r-AEJPqw	Iceland	gen4	no road name
92b6110c-b604-47d6-937a-8b5b78453678	65396759	17.712488807226862	73.95054295143485	63.56	0	0	_K1R0yH62uf_Bz0lLLTvdw	India	gen4	no road name
92b6110c-b604-47d6-937a-8b5b78453678	36377751	-6.213480243053522	107.21213499234368	204.01	0	0	efOdEzz3bY9Igrk0Z7_jeA	Indonesia	gen4	no road name
92b6110c-b604-47d6-937a-8b5b78453678	229439733	53.38643744394521	-9.177359199341781	171.26	0	0	GTzdJ5EQmBqsH_9yRg2hYQ	Ireland	gen4	no road name
92b6110c-b604-47d6-937a-8b5b78453678	91151478	32.01145076117758	34.816116502546855	356.92	0	0	WmkKGilJM5GTxsAk12dp6w	Israel	gen4	no road name
92b6110c-b604-47d6-937a-8b5b78453678	142212358	41.417522754787484	14.94761661832002	145.13	0	0	L7l7rkBvW56P4WJjDRTfwQ	Italy	gen4	no road name
92b6110c-b604-47d6-937a-8b5b78453678	107621828	36.126720626764524	137.94925503510805	3.77	0	0	vZ08b_C8Iiv3pXlMvFrcIg	Japan	gen4	no road name
92b6110c-b604-47d6-937a-8b5b78453678	157123258	43.305171269330344	68.50973481826412	244.69	0	0	iLdwueAeaS61igv_vyjWnQ	Kazakhstan	gen4	no road name
92b6110c-b604-47d6-937a-8b5b78453678	42758210	0.13551439183859235	34.80787075098899	109.4	0	0	MHUw7Te08-rbBSAIh5AejA	Kenya	gen4	no road name
92b6110c-b604-47d6-937a-8b5b78453678	239102982	56.833647337772675	23.26869439576503	247.02	0	0	yPU2gbsFG0D5gglwmZDkzg	Latvia	gen4	no road name
92b6110c-b604-47d6-937a-8b5b78453678	238059773	56.272269031807895	23.993454182788415	264.22	0	0	C7fRybR-jLTN4b8iIfJxdQ	Lithuania	gen4	no road name
92b6110c-b604-47d6-937a-8b5b78453678	207457317	49.67979729897541	5.92294126363884	203.08	0	0	sr-g7sL84kccaUP4SWwQjw	Luxembourg	gen4	no road name
92b6110c-b604-47d6-937a-8b5b78453678	46322408	4.241435467055566	103.40915465611029	342.94	0	0	Oo4Nv0sHkXftH6eYU-dpzQ	Malaysia	gen4	no road name
92b6110c-b604-47d6-937a-8b5b78453678	67957784	18.922057698023693	-99.15601729947264	282.38	0	0	PSHfrAcHAL4QGWhiKX1S4A	Mexico	gen4	no road name
92b6110c-b604-47d6-937a-8b5b78453678	193283955	47.67815723051986	106.72361701430721	120.41	0	0	-N1rT2GThpetAgncYOZFAA	Mongolia	gen4	no road name
92b6110c-b604-47d6-937a-8b5b78453678	152339815	42.752885463254664	18.740691992656192	145.04501	0	0	AzzcnwWXeL7fiy75dLefpA	Montenegro	gen4	no road name
92b6110c-b604-47d6-937a-8b5b78453678	18984509	-22.427696339061402	18.987761478279083	179.63	0	0	hE8dWHztHFIW03sqQKZEoA	Namibia	gen4	no road name
92b6110c-b604-47d6-937a-8b5b78453678	220658440	51.656336888648624	4.530062683032755	232.95	0	0	EAouO1y5b34yiIw45sqU-g	Netherlands	gen4	no road name
92b6110c-b604-47d6-937a-8b5b78453678	2034388	-38.02049942044892	175.325821704494	209	0	0	aD4adDuP4ZZaxiN3szvMPQ	New Zealand	gen4	no road name
92b6110c-b604-47d6-937a-8b5b78453678	48465492	5.955458020454091	8.73634775615776	332.44	0	0	KyZgslS39uRR3TanJGJ--Q	Nigeria	gen4	no road name
92b6110c-b604-47d6-937a-8b5b78453678	146396531	41.90498244792748	21.023300892529488	99.25248	0	0	bUX8rIqpbmax6bwuMjIyjQ	North Macedonia	gen4	no road name
92b6110c-b604-47d6-937a-8b5b78453678	245390662	60.412780421857725	11.256441271374728	16.37	0	0	Q5lLiUL_IW_JsuwtvEFdUw	Norway	gen4	no road name
92b6110c-b604-47d6-937a-8b5b78453678	77921147	23.514071076960786	57.95955248386472	14.6	0	0	rjHZq1O8zIMcYuBPxU28rQ	Oman	gen4	no road name
92b6110c-b604-47d6-937a-8b5b78453678	51513263	8.278894861276004	-80.56076300729498	18.61	0	0	Yu2a_x-lF8YVTI7Lm8YajA	Panama	gen4	no road name
92b6110c-b604-47d6-937a-8b5b78453678	24457273	-16.170186266961036	-71.66743269561198	270.56	0	0	aNol1ZffgFk4RQhPjl0Hbg	Peru	gen4	no road name
92b6110c-b604-47d6-937a-8b5b78453678	51702002	8.470390880688676	124.63319106598682	19.93	0	0	rkF8xhUULdCDdQKXVi96Lw	Philippines	gen4	no road name
92b6110c-b604-47d6-937a-8b5b78453678	207556126	49.69621503448657	19.23775464398449	266.87	0	0	QX0wHX3g-3F6RuSTk7fzAg	Poland	gen4	no road name
92b6110c-b604-47d6-937a-8b5b78453678	128740783	39.78431380508333	-7.026761339125193	171.91	0	0	vtZGZT2-xFLO7aLp_ZlZPw	Portugal	gen4	no road name
92b6110c-b604-47d6-937a-8b5b78453678	81984342	25.382467379934294	51.017821780147976	14.49	0	0	6NNVLDVZq-nEuWt03mvZBQ	Qatar	gen4	no road name
92b6110c-b604-47d6-937a-8b5b78453678	166181528	44.41806689857484	24.382324510134286	80.97	0	0	mrh4UbcftsVQuIiop_5S4A	Romania	gen4	no road name
92b6110c-b604-47d6-937a-8b5b78453678	215878496	50.93040968449465	39.53872511321413	157.21	0	0	EspKr3xK_BBJWoI0aBAm0A	Russia	gen4	no road name
92b6110c-b604-47d6-937a-8b5b78453678	40441637	-1.985783811251773	30.14160879250748	256.32	0	0	D-3OhSyk7fSWP7hdgA7fuw	Rwanda	gen4	no road name
92b6110c-b604-47d6-937a-8b5b78453678	59268079	14.187651122828168	-16.853387707591008	237.64	0	0	fLqqj0OCsSaFejM8rAybpw	Senegal	gen4	no road name
92b6110c-b604-47d6-937a-8b5b78453678	153727660	42.9447762770715	22.32699872131778	84.64592	0	0	HfDAG2hJ-sDxAOVwKqU1hw	Serbia	gen4	no road name
92b6110c-b604-47d6-937a-8b5b78453678	43948707	1.3846885848008768	103.74296036204663	35	0	0	nOOHvdMVs41dtmithpb-ZQ	Singapore	gen4	no road name
92b6110c-b604-47d6-937a-8b5b78453678	202270228	48.83372963723692	18.478542087301946	231.67	0	0	cbK88Qv-Upfc5ZRC103H7w	Slovakia	gen4	no road name
92b6110c-b604-47d6-937a-8b5b78453678	181403128	46.11239492746611	14.077263502812556	63.4	0	0	FixUcUdnj06MLAfopZj2IA	Slovenia	gen4	no road name
92b6110c-b604-47d6-937a-8b5b78453678	10264401	-29.51506208073654	30.097635444775673	206.4	0	0	PBfYY26kp3PzfBUW2hb2Vw	South Africa	gen4	no road name
92b6110c-b604-47d6-937a-8b5b78453678	127990118	39.67446701246303	-0.27354263006960294	170.11	0	0	wSDMg7bv6I53LGbIZ4fApQ	Spain	gen4	no road name
92b6110c-b604-47d6-937a-8b5b78453678	50235582	7.026194032618469	79.93434439569664	4.19	0	0	I0_7lra8154FEgwQGWwi5g	Sri Lanka	gen4	no road name
92b6110c-b604-47d6-937a-8b5b78453678	243683452	59.50015327954289	13.787202848074324	141.76	0	0	zIX5NNbRR_BqeC4HavkYBw	Sweden	gen4	no road name
92b6110c-b604-47d6-937a-8b5b78453678	187703758	46.93234953370505	7.741807225639596	181.19	0	0	6VKAm69iGFXhNTgNrgTBmQ	Switzerland	gen4	no road name
92b6110c-b604-47d6-937a-8b5b78453678	76593992	22.90561931580533	121.24221218196055	338.83	0	0	uBaiVYoYtL0e2BzvOoE2mQ	Taiwan	gen4	no road name
92b6110c-b604-47d6-937a-8b5b78453678	63023055	16.370473748484972	101.1231562795399	158.95	0	0	b83RWaqhqxz8H-0uK8Yupw	Thailand	gen4	no road name
92b6110c-b604-47d6-937a-8b5b78453678	135578024	40.67325580950583	29.86716453911173	348.35	0	0	NxsKnEg0XPE3ZafrltbSYQ	Turkey	gen4	no road name
92b6110c-b604-47d6-937a-8b5b78453678	80992948	24.989943293677385	55.18148922654875	315.89	0	0	GqymDkIGFNLFLSoFx_Dzrw	UAE	gen4	no road name
92b6110c-b604-47d6-937a-8b5b78453678	127055878	39.53482029285457	-119.77485729855755	103.23	0	0	rFRnINdq6W-l41EEY5gm9Q	USA	gen4	no road name
92b6110c-b604-47d6-937a-8b5b78453678	229267525	53.35119383270013	-1.817300613959111	138.32	0	0	B1gCXodGVYAtNgQQ0xmJOg	United Kingdom	gen4	no road name
92b6110c-b604-47d6-937a-8b5b78453678	73766806	21.328359356979583	105.97508064144337	137.18	0	0	s4jbBdnBLHkct1m4hU1L7g	Vietnam	gen4	no road name
92b6110c-b604-47d6-937a-8b5b78453678	137144138	40.84073681180246	19.55655199554658	29.716566	0	0	A3pcz7v1UdMZVc-JGT6o1Q	Albania	gen4	no road name
92b6110c-b604-47d6-937a-8b5b78453678	12424600	-27.40737370239127	-58.95641033798313	113.4	0	0	zhZL9T5sWJXZD2ZO0X363g	Argentina	gen4	no road name
92b6110c-b604-47d6-937a-8b5b78453678	2552885	-37.728528117637005	145.00312356152673	196.78	0	0	3OOc_7v_DTcawF_W4deCUg	Australia	gen4	no road name
92b6110c-b604-47d6-937a-8b5b78453678	197851420	48.2700987434484	14.957709431466721	288	0	0	zF78Fv99T7VxHLTJLHbzJA	Austria	gen4	no road name
92b6110c-b604-47d6-937a-8b5b78453678	76591159	22.90431052150935	88.90241199939199	10	0	0	-9gTvU3CEMkFBz8UiN5IhA	Bangladesh	gen4	no road name
92b6110c-b604-47d6-937a-8b5b78453678	213403125	50.59402863098796	5.85302830356465	199.66	0	0	KJkYHuicFFQLpihgJqR4yQ	Belgium	gen4	no road name
92b6110c-b604-47d6-937a-8b5b78453678	19941570	-21.63223096694395	-42.643835105800534	254.48	0	0	cmc8BRpQW3mgkeQtZ4YVJw	Brazil	gen4	no road name
92b6110c-b604-47d6-937a-8b5b78453678	146077711	41.859069333199	25.146769682852494	284.27	0	0	hiObzLXrxA8ChZcICQSdjA	Bulgaria	gen4	no road name
92b6110c-b604-47d6-937a-8b5b78453678	229811872	53.45900985788377	-113.51401395279743	90.01	0	0	7ispAWnd8d0Cbc7xjGXO4g	Canada	gen4	no road name
92b6110c-b604-47d6-937a-8b5b78453678	3383201	-36.78781596183546	-73.07239773610416	163.29	0	0	5HFdUq5yLfrSmBWJSvAlNA	Chile	gen4	no road name
92b6110c-b604-47d6-937a-8b5b78453678	49107201	6.345888743087	-75.6121025363641	311.89	0	0	99wSwYRPhawIDLIqDVEDjg	Colombia	gen4	no road name
92b6110c-b604-47d6-937a-8b5b78453678	53217704	9.94966545958511	-84.07330442664893	105.74	0	0	5Rt91BxhmQQ32_bmV6zS_A	Costa Rica	gen4	no road name
92b6110c-b604-47d6-937a-8b5b78453678	177749997	45.72716268077553	15.363472018064307	344.62	0	0	Zh0UIEcYej01gKK1LhFfoA	Croatia	gen4	no road name
92b6110c-b604-47d6-937a-8b5b78453678	209058657	49.91880862567008	12.824830070224268	250.85	0	0	GviY1DTmXrz8ulPWw4n7RQ	Czechia	gen4	no road name
92b6110c-b604-47d6-937a-8b5b78453678	237682587	56.124818992147496	8.96571690538579	286.15	0	0	OyI-fQSd04YX6xucyk9KVQ	Denmark	gen4	no road name
92b6110c-b604-47d6-937a-8b5b78453678	42161525	-0.38602998046206954	-78.55007271723035	20.51	0	0	7taZS2DTYfymjx8T92RXow	Ecuador	gen4	no road name
92b6110c-b604-47d6-937a-8b5b78453678	243225551	59.329809388372325	26.416471560066434	232	0	0	2fXtRWj_okeOBf88NtC2Tw	Estonia	gen4	no road name
92b6110c-b604-47d6-937a-8b5b78453678	248906422	63.19388079251803	29.795158647863282	279.11	0	0	PYaJrVtNS0ktIwmj1nLx1g	Finland	gen4	no road name
92b6110c-b604-47d6-937a-8b5b78453678	190279278	47.283089972392084	-0.71551334609704	12.55	0	0	RyRS7dpzJNeywgWqaTfqQQ	France	gen4	no road name
92b6110c-b604-47d6-937a-8b5b78453678	144249695	41.64070013835265	41.74753359578819	220.427586	0	0	QNuI_-UdbBT10HEuax0BHQ	Georgia	gen4	no road name
92b6110c-b604-47d6-937a-8b5b78453678	207911093	49.75360873747021	6.677431876465141	143.63	0	0	U82UccBVoJT6yy17N-eovw	Germany	gen4	no road name
92b6110c-b604-47d6-937a-8b5b78453678	48018759	5.6976009218279495	-0.11500968623258642	56.41345000000001	0	0	pZ3PW1sMLIKkAG4LrdPxLQ	Ghana	gen4	no road name
92b6110c-b604-47d6-937a-8b5b78453678	116817729	37.793203806747385	22.061219838306997	230.56	0	0	aOwZC5OuqiklAxlub3M9GQ	Greece	gen4	no road name
92b6110c-b604-47d6-937a-8b5b78453678	184166869	46.458229189353624	19.478070010117086	48.46	0	0	8VbgP0yHOBQkmmZ7AoAZjA	Hungary	gen4	no road name
92b6110c-b604-47d6-937a-8b5b78453678	250209025	65.30500473818606	-14.389551944434407	334.2	0	0	8C_4VieWLomoFW5uKiQ17g	Iceland	gen4	no road name
92b6110c-b604-47d6-937a-8b5b78453678	84483864	26.747561600649796	82.04810070211946	103.18	0	0	KWzaiZPUM9rto5GVbqGMXQ	India	gen4	no road name
92b6110c-b604-47d6-937a-8b5b78453678	43371742	0.7992612471910641	124.08584030123372	117.72	0	0	rGLsg-wZqv3KQXDcW2Vvrw	Indonesia	gen4	no road name
92b6110c-b604-47d6-937a-8b5b78453678	224063792	52.245067371905975	-8.528198440135254	235.08	0	0	NU-tr_-UPgdHPkH0cn5VYg	Ireland	gen4	no road name
92b6110c-b604-47d6-937a-8b5b78453678	91408590	32.16863706872888	34.91419188535808	122.63	0	0	Yiwf8klWBB-SGUR7TJIvBw	Israel	gen4	no road name
92b6110c-b604-47d6-937a-8b5b78453678	151218392	42.5847489534031	13.164461856840068	315.7	0	0	drEpBBQNcuS5cAWezLBvxg	Italy	gen4	no road name
92b6110c-b604-47d6-937a-8b5b78453678	95663836	33.5937964135562	130.70435023447087	305.38	0	0	9QmXyNvBrWXhumRINoCaKw	Japan	gen4	no road name
92b6110c-b604-47d6-937a-8b5b78453678	209048084	49.91710246833759	73.24854856626472	157.54	0	0	ElCmr_BOpQIU5GVcluT-Zw	Kazakhstan	gen4	no road name
92b6110c-b604-47d6-937a-8b5b78453678	41978772	-0.5279496100528084	34.98813013157725	312.41	0	0	PlB0XHcYOZr5s5otLdQMqQ	Kenya	gen4	no road name
92b6110c-b604-47d6-937a-8b5b78453678	239787865	57.19570661058579	22.574566075350667	150.47	0	0	FG6qUT34lygV9eD6W3ce8A	Latvia	gen4	no road name
92b6110c-b604-47d6-937a-8b5b78453678	234882760	55.08164302833418	24.32458227002816	342.44	0	0	_tB6aK_PY05tSgQ1I8UkKQ	Lithuania	gen4	no road name
92b6110c-b604-47d6-937a-8b5b78453678	207476600	49.68312654548838	6.358273761233146	323.03	0	0	jYrQQP1eLmcuif9QAqt_8Q	Luxembourg	gen4	no road name
92b6110c-b604-47d6-937a-8b5b78453678	47428496	5.369865585558022	100.44455743128951	202.22	0	0	cGaysRvl_fZN88AtTsXQiQ	Malaysia	gen4	no road name
92b6110c-b604-47d6-937a-8b5b78453678	69969425	19.728541966914836	-99.05404042818124	271	0	0	v3h4im_r_rCIKjN932nB-g	Mexico	gen4	no road name
92b6110c-b604-47d6-937a-8b5b78453678	181048554	46.07192648602678	98.17716816808773	59.2	0	0	a1I5vULv9m06m0OVQGAEzQ	Mongolia	gen4	no road name
92b6110c-b604-47d6-937a-8b5b78453678	146412364	41.9072317572175	19.262029481271913	112.68171	0	0	jdsFP2x6PNAw4CKSjmJbuA	Montenegro	gen4	no road name
92b6110c-b604-47d6-937a-8b5b78453678	11537216	-28.018240620492744	18.68470143127682	211.83	0	0	HkapfSO7MiUuga34FFCQ4w	Namibia	gen4	no road name
92b6110c-b604-47d6-937a-8b5b78453678	227836910	53.04424724486018	6.90314182216753	54.19	0	0	YMVTqAVEhPUZVZf69Vbxcg	Netherlands	gen4	no road name
92b6110c-b604-47d6-937a-8b5b78453678	3138169	-37.04046460702922	174.91015911853353	167.65	0	0	h808MPWAvQOzGhes8KleFg	New Zealand	gen4	no road name
92b6110c-b604-47d6-937a-8b5b78453678	49256872	6.446109335046528	7.9532892800763095	8.58	0	0	xuaiUjQMzbz4f5bU2vetUA	Nigeria	gen4	no road name
92b6110c-b604-47d6-937a-8b5b78453678	142656950	41.47024519364444	22.169659010771458	132.0498	0	0	l6kYNTkrvZ-e2iClTSRvWA	North Macedonia	gen4	no road name
92b6110c-b604-47d6-937a-8b5b78453678	247766036	62.07267349860078	9.94864769831759	61.89	0	0	Nf8zlKSyu_MvvoQAcy9G5w	Norway	gen4	no road name
92b6110c-b604-47d6-937a-8b5b78453678	79365179	24.111511622050806	56.89784804094324	50.53	0	0	D0__O0LOAlKtENnTlQIjBg	Oman	gen4	no road name
92b6110c-b604-47d6-937a-8b5b78453678	52081474	8.903686123386235	-79.75721206364724	34.23	0	0	n8A_ePCAFKuJtjzdGTpIhA	Panama	gen4	no road name
92b6110c-b604-47d6-937a-8b5b78453678	29798740	-7.9988684979420395	-78.68617445165334	202.9	0	0	ywVneygPkAdQfk1edVfVYQ	Peru	gen4	no road name
92b6110c-b604-47d6-937a-8b5b78453678	51075933	7.785082591962748	126.44588543269066	72.09	0	0	Pb5DJOA_-ztFTLp-ZC_MFg	Philippines	gen4	no road name
92b6110c-b604-47d6-937a-8b5b78453678	226702713	52.75130217538739	18.95253364318734	152.96	0	0	sy1ALlyxw6ooKk4_PEH0Og	Poland	gen4	no road name
92b6110c-b604-47d6-937a-8b5b78453678	132597678	40.30578676695273	-7.142075117770207	258.02	0	0	XMHQCEsuNBv802hx-gugvw	Portugal	gen4	no road name
92b6110c-b604-47d6-937a-8b5b78453678	80852889	24.93795748473403	50.98801563627766	11.97	0	0	_S2l0k4_r0kyzn0WYUPC7g	Qatar	gen4	no road name
92b6110c-b604-47d6-937a-8b5b78453678	178683117	45.81401604723797	21.266084870538123	299.51	0	0	rf1WvdOLb2ezP3YvRvB_mA	Romania	gen4	no road name
92b6110c-b604-47d6-937a-8b5b78453678	225494730	52.49174367004199	39.095671686583685	322.75	0	0	a2x6j_7gEfArqAvTcDQoAA	Russia	gen4	no road name
92b6110c-b604-47d6-937a-8b5b78453678	39935800	-2.6378151753423693	29.76303261397571	293.05	0	0	hvi0DViboasv7F3iayZoVg	Rwanda	gen4	no road name
92b6110c-b604-47d6-937a-8b5b78453678	60262781	14.742648595794996	-17.281143418350727	13.99	0	0	rDVkU7PKuj9L_vCtReUD7A	Senegal	gen4	no road name
92b6110c-b604-47d6-937a-8b5b78453678	165024016	44.25374519249208	20.647067402182657	283.6505	0	0	8q_Ui4YhcZ9eebbk0Dwfvw	Serbia	gen4	no road name
92b6110c-b604-47d6-937a-8b5b78453678	43916409	1.3611710572412414	103.9581976658803	317.09	0	0	xxmla7wKUKkZRtUFCBwoxg	Singapore	gen4	no road name
92b6110c-b604-47d6-937a-8b5b78453678	195344944	47.96993720399473	17.559612106635893	210.68	0	0	XK63ceolbnv8tYWHS-uSaA	Slovakia	gen4	no road name
92b6110c-b604-47d6-937a-8b5b78453678	179843252	45.929298675782384	15.045779231730718	146.76	0	0	UVfrIJrsTV-N4gwXAGAT-w	Slovenia	gen4	no road name
92b6110c-b604-47d6-937a-8b5b78453678	11322365	-28.282519675366277	31.44363484020729	277.02	0	0	RJK4JVYR-XWgFvFORbFGxg	South Africa	gen4	no road name
92b6110c-b604-47d6-937a-8b5b78453678	149473918	42.34042177638328	-7.761708434375344	50.94	0	0	F0KidWToxVHy4sAL4fDQlA	Spain	gen4	no road name
92b6110c-b604-47d6-937a-8b5b78453678	50542512	7.25544284516864	80.6443702652758	14.64	0	0	zkNLTL6qQYXcdhOMzV4Y1A	Sri Lanka	gen4	no road name
92b6110c-b604-47d6-937a-8b5b78453678	241468760	58.301567035617744	14.63251231458559	340.47	0	0	rOurOad1RHWdtP8HFiz22A	Sweden	gen4	no road name
92b6110c-b604-47d6-937a-8b5b78453678	189858321	47.232304382746136	7.236228749169853	237.35	0	0	i2itk18tY9DSrJAz4xA5Aw	Switzerland	gen4	no road name
92b6110c-b604-47d6-937a-8b5b78453678	79845581	24.410534095003474	120.70826616098545	329.97	0	0	hTcsRXxnn8G4yNVk5GSDDQ	Taiwan	gen4	no road name
92b6110c-b604-47d6-937a-8b5b78453678	59475785	14.344286934211006	100.57723119266953	44.66	0	0	ZyJPUo_0pyyisrQxa-VTjQ	Thailand	gen4	no road name
92b6110c-b604-47d6-937a-8b5b78453678	136329817	40.754493528036896	30.563970900247845	90.62	0	0	irryibqLexmTc58oId-HSg	Turkey	gen4	no road name
92b6110c-b604-47d6-937a-8b5b78453678	81953204	25.37025447722028	55.542378025587475	206.37	0	0	UaC2G9EPoQmkfI9ADb9svQ	UAE	gen4	no road name
92b6110c-b604-47d6-937a-8b5b78453678	143040314	41.5127471954136	-74.13287914928654	79.29	0	0	atg9fJy8jyLEhHZ9fY9Evw	USA	gen4	no road name
92b6110c-b604-47d6-937a-8b5b78453678	221786663	51.84898061204247	-2.138945081839436	249.35	0	0	hfyhz77GdkIRHNiu23XqDw	United Kingdom	gen4	no road name
92b6110c-b604-47d6-937a-8b5b78453678	54736755	10.874672776524616	107.12603015733845	3.56	0	0	DXG58T-vkJBTDPFBJfVsnQ	Vietnam	gen4	no road name
92b6110c-b604-47d6-937a-8b5b78453678	137172055	40.843815111755355	19.63998129216661	113.20373	0	0	Mguo4sIIDWT7InJL9lU6Lg	Albania	gen4	no road name
92b6110c-b604-47d6-937a-8b5b78453678	15873875	-24.38306257451515	-65.09214493835388	173.75	0	0	ynBWo_m0bZJ3MGjA73EPnA	Argentina	gen4	no road name
92b6110c-b604-47d6-937a-8b5b78453678	5010876	-34.63582627852673	138.72975138849563	41.07	0	0	sqOr2pVwKwtLl1o_4_IEFw	Australia	gen4	no road name
92b6110c-b604-47d6-937a-8b5b78453678	198599245	48.36442597353919	16.319236922519455	98.75	0	0	zBe3zqGRQFx42VQhmeOiAA	Austria	gen4	no road name
92b6110c-b604-47d6-937a-8b5b78453678	77858739	23.484429928808158	90.01965988587715	80.42	0	0	XkKqZ0mMhzboqSBShITtlg	Bangladesh	gen4	no road name
92b6110c-b604-47d6-937a-8b5b78453678	218115022	51.24059045198581	4.241827075928673	115.44	0	0	0vih4AyFpi4FzOtJNdsbXw	Belgium	gen4	no road name
92b6110c-b604-47d6-937a-8b5b78453678	17128087	-23.448012438510055	-45.63411244240583	358.83	0	0	XNM9LQZr_NKTMUiJyRjiDg	Brazil	gen4	no road name
92b6110c-b604-47d6-937a-8b5b78453678	146126278	41.86572135552845	26.304242649108563	137.39	0	0	8Ww8xiq5gL9mhc3ydyeRww	Bulgaria	gen4	no road name
92b6110c-b604-47d6-937a-8b5b78453678	154109412	42.99171801282249	-79.68050361627807	241.6	0	0	4sDh0HxvVWtBpU4egevrOg	Canada	gen4	no road name
92b6110c-b604-47d6-937a-8b5b78453678	3051590	-37.17385134226573	-72.31944834179401	187.98	0	0	EyTEtKuEaAmv2Yk1unVF5Q	Chile	gen4	no road name
92b6110c-b604-47d6-937a-8b5b78453678	47138856	5.084925147560543	-74.58101544505423	282.36	0	0	PgzbKE2Cq0kM6K6-t7Xdpw	Colombia	gen4	no road name
92b6110c-b604-47d6-937a-8b5b78453678	52842402	9.67417831503797	-84.6313299002958	195.18	0	0	mwBxZaL88ehUWC24U8WnVg	Costa Rica	gen4	no road name
92b6110c-b604-47d6-937a-8b5b78453678	173930454	45.38791965869217	15.362544166550684	121.98	0	0	BbWs5l8rQIcbuK1SA_aBzA	Croatia	gen4	no road name
92b6110c-b604-47d6-937a-8b5b78453678	209869433	50.03566482699622	14.369023692522445	177.23	0	0	aAVbVuEC5LGrt60sOZLy0g	Czechia	gen4	no road name
92b6110c-b604-47d6-937a-8b5b78453678	238241699	56.364283032124	10.010124296778589	286.78	0	0	QOH1_VoDep3ISBtF_ATONA	Denmark	gen4	no road name
92b6110c-b604-47d6-937a-8b5b78453678	41157854	-1.2792804514120673	-78.535927898973	49.05	0	0	E7bDCvZu64fWGMVLFS94tg	Ecuador	gen4	no road name
92b6110c-b604-47d6-937a-8b5b78453678	242879870	59.205468034285275	24.66503306958337	261.67	0	0	M7p0oovY3ckWCO_i8xFpnQ	Estonia	gen4	no road name
92b6110c-b604-47d6-937a-8b5b78453678	246709415	61.15918780172862	23.318646492563357	332.54	0	0	J3MxkcQOAstBqvmudf-ykA	Finland	gen4	no road name
92b6110c-b604-47d6-937a-8b5b78453678	156506582	43.24544952262248	2.725164547021577	117.01	0	0	tgJ5p5FznoB4piJu6GIj5A	France	gen4	no road name
92b6110c-b604-47d6-937a-8b5b78453678	151517158	42.62814096233651	42.10925873465096	96.81779999999998	0	0	IUcVV3avUOzW34BURch6Kw	Georgia	gen4	no road name
92b6110c-b604-47d6-937a-8b5b78453678	211360664	50.26844598371038	11.2542011003479	220.59	0	0	b2nEXZ_QLGEbAr8uej6dHg	Germany	gen4	no road name
92b6110c-b604-47d6-937a-8b5b78453678	49672210	6.685538785617144	-1.7075379374099042	328.73904	0	0	j48YUx-4MIylCZdfrOt8jg	Ghana	gen4	no road name
92b6110c-b604-47d6-937a-8b5b78453678	134221367	40.51352200443383	21.18141229260747	268.81	0	0	PvQ3xgN0f8NmYqXX9h1mRQ	Greece	gen4	no road name
92b6110c-b604-47d6-937a-8b5b78453678	188221285	47.00616106126435	16.602344727021837	216.99	0	0	ytwV6p8lYiBw0mWjnIn6rw	Hungary	gen4	no road name
92b6110c-b604-47d6-937a-8b5b78453678	249752170	64.16753643675045	-21.68892945687262	75.12	0	0	-bW2CoFXG0Ewt6zeTD-3Ow	Iceland	gen4	no road name
92b6110c-b604-47d6-937a-8b5b78453678	62330916	15.947981103540961	77.91710043523061	47.04	0	0	uoDuogeeybQ3Kdtur6AvEg	India	gen4	no road name
92b6110c-b604-47d6-937a-8b5b78453678	34089916	-6.953742107385179	112.9385218390408	192.57	0	0	4KcPUjw905noBERe-AdVYQ	Indonesia	gen4	no road name
92b6110c-b604-47d6-937a-8b5b78453678	220194019	51.58464571775945	-8.975358491730699	347.18	0	0	gvE5N_6sgliggIWmFGx1OA	Ireland	gen4	no road name
92b6110c-b604-47d6-937a-8b5b78453678	93296626	32.905499145661665	35.28297304150394	340.96	0	0	fPm6w6nMdOSMg-h-SQxTvA	Israel	gen4	no road name
92b6110c-b604-47d6-937a-8b5b78453678	135524541	40.66749646942663	15.632042702720875	270	0	0	BMZqkqujYu2eKGVs5E0KAw	Italy	gen4	no road name
92b6110c-b604-47d6-937a-8b5b78453678	109480302	36.547989297402665	138.03191014365092	57.3	0	0	04CfnqDbWmt2Es6JGBG1Kw	Japan	gen4	no road name
92b6110c-b604-47d6-937a-8b5b78453678	211877193	50.349189289653935	83.51094579001136	199.61	0	0	sGJl_woWR6G92yJAtZQ6nw	Kazakhstan	gen4	no road name
92b6110c-b604-47d6-937a-8b5b78453678	40926107	-1.4556509388361063	36.991144930257654	358.74	0	0	1KjreE6riT09ztyNPqZ9XQ	Kenya	gen4	no road name
92b6110c-b604-47d6-937a-8b5b78453678	239157570	56.86074282828939	25.267406495155335	220.87	0	0	oGt0vAp3sobqdiCcVJCcyw	Latvia	gen4	no road name
92b6110c-b604-47d6-937a-8b5b78453678	233241312	54.462886683067346	22.912939013648614	144.95	0	0	-x5fUoaAM2TVW_EQ9lI_kw	Lithuania	gen4	no road name
92b6110c-b604-47d6-937a-8b5b78453678	207511793	49.68902395582269	6.016013334762548	77.44	0	0	b1yAVuc4u2FCFPUfUAAUzQ	Luxembourg	gen4	no road name
92b6110c-b604-47d6-937a-8b5b78453678	45474173	3.1628834914234747	101.61643656721313	331.18	0	0	FSruDK-OfsMAYtINLLvBcw	Malaysia	gen4	no road name
92b6110c-b604-47d6-937a-8b5b78453678	71782510	20.569085774759202	-99.26745369864067	308.56	0	0	oBnPBp4K5S-knNc1p8Ukmg	Mexico	gen4	no road name
92b6110c-b604-47d6-937a-8b5b78453678	209501911	49.98492311643502	92.08596717670838	353.39	0	0	nQ_1NMHBMKsIBb4opsBZPg	Mongolia	gen4	no road name
92b6110c-b604-47d6-937a-8b5b78453678	153287489	42.888361557238106	19.993504159126477	268.60522	0	0	wV0hkRzOoCCxdMMp0HgHhg	Montenegro	gen4	no road name
92b6110c-b604-47d6-937a-8b5b78453678	16031426	-24.127030743142598	19.106641641127123	178.77	0	0	-OkfUTFJaIEkGZTMGjP8wQ	Namibia	gen4	no road name
92b6110c-b604-47d6-937a-8b5b78453678	224278659	52.27972704025982	6.81020733630906	238.19	0	0	DMqC0U64m_AQqPjkOQl_3g	Netherlands	gen4	no road name
92b6110c-b604-47d6-937a-8b5b78453678	2290143	-37.851178201582826	176.1206887239796	154	0	0	6ntaSLkwoGGFRBetf1Mnvg	New Zealand	gen4	no road name
92b6110c-b604-47d6-937a-8b5b78453678	48357553	5.868271111437085	7.8142052144292045	8.97	0	0	AyqXWRgV3pYPvgAilGdu8g	Nigeria	gen4	no road name
92b6110c-b604-47d6-937a-8b5b78453678	139325318	41.06832152067682	21.40183999573044	242.10898	0	0	5QtrviUZktAN4pwRFuVRiA	North Macedonia	gen4	no road name
92b6110c-b604-47d6-937a-8b5b78453678	244338155	59.8554757371408	10.841700440029392	337.33	0	0	dowrzonQpdnUAzqzEv77Kw	Norway	gen4	no road name
92b6110c-b604-47d6-937a-8b5b78453678	79519444	24.19437058811017	56.869692913173495	216.09	0	0	eA6aWJyBRfNjX9p5aTRVCw	Oman	gen4	no road name
92b6110c-b604-47d6-937a-8b5b78453678	51809277	8.55870342519644	-80.26961191956504	175.09	0	0	cpf8yShxAV8wKL3xamgqHg	Panama	gen4	no road name
92b6110c-b604-47d6-937a-8b5b78453678	35200763	-6.617335071672754	-76.20108772346148	93.06	0	0	FKt6MaJWp0GaJGNTN5ULUA	Peru	gen4	no road name
92b6110c-b604-47d6-937a-8b5b78453678	64761894	17.310593221004275	120.54309827145924	192.54	0	0	dxrnV33qf3mUWj3J1nzpXg	Philippines	gen4	no road name
92b6110c-b604-47d6-937a-8b5b78453678	226463247	52.691637791359824	22.551494995747365	320.65	0	0	0T7LxAxxM7TrZPYZciWxIA	Poland	gen4	no road name
92b6110c-b604-47d6-937a-8b5b78453678	127752713	39.63771772364559	-8.763175672629654	155.62	0	0	PmfwSijs8vyAT5ew9dbllQ	Portugal	gen4	no road name
92b6110c-b604-47d6-937a-8b5b78453678	81593988	25.220107372727195	51.43350069429621	158.03	0	0	aWvJQGWIrmkIFxLXFWOi0Q	Qatar	gen4	no road name
92b6110c-b604-47d6-937a-8b5b78453678	178214356	45.77079704245079	21.213177705408015	219	0	0	9y9bkMpWnumi31yfpiF1EA	Romania	gen4	no road name
92b6110c-b604-47d6-937a-8b5b78453678	237418650	56.01536782316377	37.334201023328056	178.46	0	0	1Ef4l-2pnt-f6wWvxbbZLQ	Russia	gen4	no road name
92b6110c-b604-47d6-937a-8b5b78453678	40415963	-2.009717419482289	30.218435752007505	113.06	0	0	IBOhh9LRtT6h_ILeXtilBg	Rwanda	gen4	no road name
92b6110c-b604-47d6-937a-8b5b78453678	60672943	14.899955412877153	-15.856938077067163	68.94	0	0	d5Xz89Le-1wQGqw2lTbJ4w	Senegal	gen4	no road name
92b6110c-b604-47d6-937a-8b5b78453678	172942512	45.28363223574003	20.434246019295177	268.17682	0	0	ijLLLZX0v0FPhWqKVV8rkw	Serbia	gen4	no road name
92b6110c-b604-47d6-937a-8b5b78453678	43796211	1.2883112863720432	103.83592093355912	61.79	0	0	6Khbh3tos0kReQP_RUenUQ	Singapore	gen4	no road name
92b6110c-b604-47d6-937a-8b5b78453678	201761952	48.76201005229772	17.882694951294475	215.03	0	0	7qDCHUV0ntlCX4dpnyJQKw	Slovakia	gen4	no road name
92b6110c-b604-47d6-937a-8b5b78453678	176807402	45.64039575760814	14.626090864645699	158.77	0	0	Mz58x2PHa65aRiKpCGAuLQ	Slovenia	gen4	no road name
92b6110c-b604-47d6-937a-8b5b78453678	8689855	-31.586874362768622	18.24712011465245	173.93	0	0	iJwRk6Tne3Vd_ELsFYsjcw	South Africa	gen4	no road name
92b6110c-b604-47d6-937a-8b5b78453678	131501074	40.16548965016865	-1.9512900608484478	156.19	0	0	Np4CHUIOg2LNfGVIWmRLxA	Spain	gen4	no road name
92b6110c-b604-47d6-937a-8b5b78453678	48470698	5.959238944588813	80.52163113040744	161.81	0	0	iyLvYHmFlbTihLK4DGBu4g	Sri Lanka	gen4	no road name
92b6110c-b604-47d6-937a-8b5b78453678	241266332	58.17142082888877	12.470525119512166	63.06	0	0	TN0U5rlMqt0w7NoVl1Bs2g	Sweden	gen4	no road name
92b6110c-b604-47d6-937a-8b5b78453678	189424168	47.17699979923351	8.498576222475569	122	0	0	k-2JsgwYQVO-ff0sowfNmA	Switzerland	gen4	no road name
92b6110c-b604-47d6-937a-8b5b78453678	81226286	25.0697044398773	121.60545122992343	216	0	0	mt6CBgM4mWrfa3HdQO57RQ	Taiwan	gen4	no road name
92b6110c-b604-47d6-937a-8b5b78453678	58128285	13.549924633136168	100.19565672057456	334.03	0	0	zfCEG-tumpYBtkq-X-32NA	Thailand	gen4	no road name
92b6110c-b604-47d6-937a-8b5b78453678	137892197	40.921571646627	26.9778459233068	207.86	0	0	NY5kklAKwWw9ZX5uG0pOLQ	Turkey	gen4	no road name
92b6110c-b604-47d6-937a-8b5b78453678	81739961	25.277390267678197	55.32017118307029	83.36	0	0	2c1vZgDrqsTlmW6wWyvtUg	UAE	gen4	no road name
92b6110c-b604-47d6-937a-8b5b78453678	110583398	36.776894332375335	-76.08680731997843	57.7	0	0	eF3gnLPnSsmTANUbvP_0Dw	USA	gen4	no road name
92b6110c-b604-47d6-937a-8b5b78453678	238311352	56.39969492663967	-3.2589936494699208	340.92	0	0	BxL4rY5VPI7JL2hfOK6FbA	United Kingdom	gen4	no road name
92b6110c-b604-47d6-937a-8b5b78453678	73541583	21.229884193710113	105.94677576714416	275.26	0	0	1LpAGsj2pw66t3Xwd7aiJQ	Vietnam	gen4	no road name
92b6110c-b604-47d6-937a-8b5b78453678	136628571	40.78486805943627	19.392431270551903	320.42017	0	0	p-OeBKyryI7HseilNAlh1Q	Albania	gen4	no road name
92b6110c-b604-47d6-937a-8b5b78453678	12042734	-27.61063325764261	-65.64602691634332	10.03	0	0	3v6fiXgUo0SeD478_wpt7w	Argentina	gen4	no road name
92b6110c-b604-47d6-937a-8b5b78453678	2452299	-37.77743906843965	144.95952159209162	176.3	0	0	iXbCbwJj8pXV8cM3IwdJ3A	Australia	gen4	no road name
92b6110c-b604-47d6-937a-8b5b78453678	195821809	48.02875181862028	17.023871833717912	43.6	0	0	DkTs5xCh13mXJT9381Epig	Austria	gen4	no road name
92b6110c-b604-47d6-937a-8b5b78453678	79411496	24.135040641280288	90.79071762473588	82.96	0	0	RMWb-Z-u8J9jng1fF9o8rw	Bangladesh	gen4	no road name
92b6110c-b604-47d6-937a-8b5b78453678	217736128	51.18449799156776	2.8184964462005535	261.89	0	0	gRZDzHULCwkgwxQnBoppiQ	Belgium	gen4	no road name
92b6110c-b604-47d6-937a-8b5b78453678	23212565	-18.512356431319517	-40.54882190443053	255.21	0	0	HIunSsim3ZlbvrdCE2wqHw	Brazil	gen4	no road name
92b6110c-b604-47d6-937a-8b5b78453678	148758687	42.24278706610545	25.05767890532182	5.71	0	0	wtsN29bICSfG1iufoKFxxw	Bulgaria	gen4	no road name
92b6110c-b604-47d6-937a-8b5b78453678	173711429	45.36637501815906	-71.84813172196796	216.29	0	0	J7vq0cV-tW-hNrSkZxzsQw	Canada	gen4	no road name
92b6110c-b604-47d6-937a-8b5b78453678	10480542	-29.318253316725478	-70.35925424084859	202.6	0	0	khjcbBQmU4U1n2SImIMA3g	Chile	gen4	no road name
92b6110c-b604-47d6-937a-8b5b78453678	45203136	2.985646153013488	-75.2659994153454	275.97	0	0	CnXJurPrbga9LcFIVtwK9g	Colombia	gen4	no road name
92b6110c-b604-47d6-937a-8b5b78453678	53638484	10.273136481335696	-85.51029922171361	16.61	0	0	FkOydhAEDUsvn8nEqjsx0A	Costa Rica	gen4	no road name
92b6110c-b604-47d6-937a-8b5b78453678	179871931	45.932733105036185	17.355452197153454	273.03	0	0	bYQiUnzTPxm-ioUr--N9oA	Croatia	gen4	no road name
92b6110c-b604-47d6-937a-8b5b78453678	211418825	50.27779622563947	16.050075240412873	2.79	0	0	8ZbZPluCrg9C1cUe4VRv2g	Czechia	gen4	no road name
92b6110c-b604-47d6-937a-8b5b78453678	236343019	55.711868546820426	12.420055498367576	58.76	0	0	eRaiYA2R2Qxe-k2HSKGOWg	Denmark	gen4	no road name
92b6110c-b604-47d6-937a-8b5b78453678	41525702	-0.9609204292707787	-78.68731483832866	93.7	0	0	EjlWezJfDA7KX7r1EzkyDQ	Ecuador	gen4	no road name
92b6110c-b604-47d6-937a-8b5b78453678	243372058	59.38063798934264	27.74620181842503	241.07	0	0	Ru6B26QOpcEmx14y59HKcA	Estonia	gen4	no road name
92b6110c-b604-47d6-937a-8b5b78453678	249838604	64.3310299420897	29.118502134371713	239.25	0	0	-3E58OgMNbQdT1DkzKCs6Q	Finland	gen4	no road name
92b6110c-b604-47d6-937a-8b5b78453678	162922447	43.93100193115562	-0.9270466122505974	26.13	0	0	xZyXVL1TyV5d1ZBrhVwm3A	France	gen4	no road name
92b6110c-b604-47d6-937a-8b5b78453678	142188909	41.41472905278409	44.951168960512966	83.87603999999999	0	0	n63OBmckna8viSsOYtXzhg	Georgia	gen4	no road name
92b6110c-b604-47d6-937a-8b5b78453678	199930409	48.52541176348924	13.132939045758253	225.15	0	0	NbDU7Nyg82TBjg6NPR8R5g	Germany	gen4	no road name
92b6110c-b604-47d6-937a-8b5b78453678	47648990	5.533626428681859	-0.46331026133101305	55.420780000000036	0	0	e-NcXekW5SQMWjZ-93T2Zg	Ghana	gen4	no road name
92b6110c-b604-47d6-937a-8b5b78453678	143017178	41.51022451759672	26.284060611408197	212.82	0	0	RF3H5gDA1ApK41_rrtwX1g	Greece	gen4	no road name
92b6110c-b604-47d6-937a-8b5b78453678	197062655	48.17624539273046	20.776331551916954	344.31	0	0	aSyqYHyoY4_cAslciAEElQ	Hungary	gen4	no road name
92b6110c-b604-47d6-937a-8b5b78453678	250552393	66.08616059988738	-23.04431569290834	341.52	0	0	5BulCGKvvjoyxsRQT7dsjA	Iceland	gen4	no road name
92b6110c-b604-47d6-937a-8b5b78453678	72741514	20.953135671137307	77.73693180047057	347.23	0	0	9mj6F1XAWCTptFiwBFQh3Q	India	gen4	no road name
92b6110c-b604-47d6-937a-8b5b78453678	40258105	-2.1751940205930573	105.81617206039668	195.4	0	0	pW1BLgeezu07rzQuQRfb1Q	Indonesia	gen4	no road name
92b6110c-b604-47d6-937a-8b5b78453678	234968744	55.1261627804899	-7.660747664715934	214.41	0	0	g461diXEha1BCWqY1Fkl2g	Ireland	gen4	no road name
92b6110c-b604-47d6-937a-8b5b78453678	92373360	32.58804197647646	34.92913380429277	108.36	0	0	_C37qVhcAgoU1nl0z-sT8g	Israel	gen4	no road name
92b6110c-b604-47d6-937a-8b5b78453678	138908796	41.02628740303674	16.084927644854247	115.48	0	0	OIdgbnPquR74wp-vz_vhuw	Italy	gen4	no road name
92b6110c-b604-47d6-937a-8b5b78453678	112511117	37.13297361933744	138.91482064132353	204.05	0	0	7Etv1tb6cpGmI02mO9t-aA	Japan	gen4	no road name
92b6110c-b604-47d6-937a-8b5b78453678	153602505	42.929262212724566	71.39795512341526	280.44	0	0	byXMM7ePvBsKQCCMVqmhJQ	Kazakhstan	gen4	no road name
92b6110c-b604-47d6-937a-8b5b78453678	39446623	-3.1987525106519747	38.530100000742586	17.18	0	0	EsgT41HUEE4dkyyJzDiuMw	Kenya	gen4	no road name
92b6110c-b604-47d6-937a-8b5b78453678	238849382	56.69565130581036	24.83941593193093	232.71	0	0	wtFBxa3jhLHUeDEHp7XmNA	Latvia	gen4	no road name
92b6110c-b604-47d6-937a-8b5b78453678	234510860	54.92628587074469	23.992968637246868	140.2	0	0	KrogjjUSFpuQpYOzCRYnWQ	Lithuania	gen4	no road name
92b6110c-b604-47d6-937a-8b5b78453678	207043945	49.61128081436065	6.0586422684507255	1.11	0	0	NBd6N9n0D3nLCIDqCZnVpg	Luxembourg	gen4	no road name
92b6110c-b604-47d6-937a-8b5b78453678	49088873	6.334776434860153	100.18998908697722	151.95	0	0	9LBXvEmRI5RZxR7p2Tifrw	Malaysia	gen4	no road name
92b6110c-b604-47d6-937a-8b5b78453678	82648477	25.681370784384377	-99.7095328212316	126.1	0	0	C1p2wW5Afzp70bVol3Q8sg	Mexico	gen4	no road name
92b6110c-b604-47d6-937a-8b5b78453678	193450811	47.70283474631648	106.94664675282252	270.3	0	0	g_uvD7ZxH9Xfdf9JV0QbqQ	Mongolia	gen4	no road name
92b6110c-b604-47d6-937a-8b5b78453678	150201793	42.44042126240658	19.38399777578327	118.98091	0	0	QXYmYjV_F-S4lkBXQ8L1qA	Montenegro	gen4	no road name
92b6110c-b604-47d6-937a-8b5b78453678	23466375	-17.918042240840506	19.743831744912903	96.13	0	0	Q9xiptWrYJDLYZUcBxcdPg	Namibia	gen4	no road name
92b6110c-b604-47d6-937a-8b5b78453678	228400772	53.169184974274145	6.878050524125729	269.26	0	0	YkEqchnHCRhgQIMHuqiOUA	Netherlands	gen4	no road name
92b6110c-b604-47d6-937a-8b5b78453678	3269447	-36.89286040548572	174.7966540166703	224.08	0	0	ZH2h3rNwCuo1hcZ0R-LV4w	New Zealand	gen4	no road name
92b6110c-b604-47d6-937a-8b5b78453678	53614351	10.25514391726234	11.156669227121327	89.71	0	0	eB1t-d8dWgBfrGrG0NEvXQ	Nigeria	gen4	no road name
92b6110c-b604-47d6-937a-8b5b78453678	147436229	42.0484926434458	22.196023182604975	356.0697	0	0	aZI0hTMe8ybK9L5_dTihYw	North Macedonia	gen4	no road name
92b6110c-b604-47d6-937a-8b5b78453678	244514144	59.93893541887996	10.844197162473304	84.7	0	0	5va2iIlTnUyrt2UNZ9yeoQ	Norway	gen4	no road name
92b6110c-b604-47d6-937a-8b5b78453678	75016373	22.16146249048235	59.231796596028296	155.19	0	0	qEpMlfIDhKSRGpDv1GETrw	Oman	gen4	no road name
92b6110c-b604-47d6-937a-8b5b78453678	52258586	9.064318116390327	-79.55698375032048	166.24	0	0	_0WgAXv3TYAeWx4TSmQyLA	Panama	gen4	no road name
92b6110c-b604-47d6-937a-8b5b78453678	26760656	-11.6982246091402	-76.86821917366018	16.02	0	0	RSGeJL7qhmliRk8yN72rYw	Peru	gen4	no road name
92b6110c-b604-47d6-937a-8b5b78453678	57935328	13.394978615662978	121.05992410779083	125.9	0	0	t7L9uggNL9UymWFzmYi43g	Philippines	gen4	no road name
92b6110c-b604-47d6-937a-8b5b78453678	222859137	52.03847601334616	22.502476888799897	23.98	0	0	y8WegwhdqcxolrzWYNNGzA	Poland	gen4	no road name
92b6110c-b604-47d6-937a-8b5b78453678	145098742	41.73091212437113	-8.862306665537849	170.54	0	0	GciPzZoeBhfCCeChSZ_zkw	Portugal	gen4	no road name
92b6110c-b604-47d6-937a-8b5b78453678	81722109	25.270539896111128	51.55296992840359	201.71	0	0	Jxa5BYWsQpWCAI0u2kM00w	Qatar	gen4	no road name
92b6110c-b604-47d6-937a-8b5b78453678	184973420	46.57101317826709	21.72751329949559	207.49	0	0	db9TdGbH8GmjM3KLLbF1yQ	Romania	gen4	no road name
92b6110c-b604-47d6-937a-8b5b78453678	234209674	54.816872980068645	38.071270253782245	284.92	0	0	Z52KO5233Gj8OQyEfq5Txg	Russia	gen4	no road name
92b6110c-b604-47d6-937a-8b5b78453678	41028815	-1.364739119580226	30.334325002951203	39.66	0	0	esTwMJ-c65akA7owzUiSQg	Rwanda	gen4	no road name
92b6110c-b604-47d6-937a-8b5b78453678	59779689	14.529738262986514	-17.03547806823698	327.52	0	0	f4Yqil0hNki4vlvGNth0XQ	Senegal	gen4	no road name
92b6110c-b604-47d6-937a-8b5b78453678	153845053	42.959803484606375	21.91651389791255	232.85641	0	0	DHHtqwAYA0bQeUF7CR_mLQ	Serbia	gen4	no road name
92b6110c-b604-47d6-937a-8b5b78453678	43911466	1.357304252368097	103.93414514423829	223.77	0	0	dB_5rpgN_mrUAovdRXb-XA	Singapore	gen4	no road name
92b6110c-b604-47d6-937a-8b5b78453678	203049514	48.9668229797683	21.08647571810749	320	0	0	EarKdnMyeydUGag9pFj8FA	Slovakia	gen4	no road name
92b6110c-b604-47d6-937a-8b5b78453678	183319910	46.332950660490766	13.55702980095929	187.45	0	0	TjPvJyeAJEzPbQzRsboX6w	Slovenia	gen4	no road name
92b6110c-b604-47d6-937a-8b5b78453678	5687672	-34.04443875904258	21.449346083280584	216.13	0	0	Bmnvkj-ib1k_KubND4SyCw	South Africa	gen4	no road name
92b6110c-b604-47d6-937a-8b5b78453678	140619073	41.218680117883096	1.545748115822119	211.27	0	0	qJMuf2OLPbaUPuTabXSFjA	Spain	gen4	no road name
92b6110c-b604-47d6-937a-8b5b78453678	51547755	8.315305951623992	80.3182145582138	211.91	0	0	Nx_aD58rt9BryqtNMI0hvg	Sri Lanka	gen4	no road name
92b6110c-b604-47d6-937a-8b5b78453678	238645750	56.57139379765276	13.302915760502595	9.55	0	0	s84EvNLM_B2vQEiH7VRe9g	Sweden	gen4	no road name
92b6110c-b604-47d6-937a-8b5b78453678	192230757	47.52595411577832	8.243639782680596	7.63	0	0	1Ntqy-OiBzlKRsc2eFIMhg	Switzerland	gen4	no road name
92b6110c-b604-47d6-937a-8b5b78453678	78818443	23.876082232049495	120.43620205120473	270.54	0	0	PYI8iAp_h3x9vNrtREn_Dg	Taiwan	gen4	no road name
92b6110c-b604-47d6-937a-8b5b78453678	61426582	15.343901402154104	101.87778031111264	311.86	0	0	9bIhz9BBXc3XJofz8b7zZQ	Thailand	gen4	no road name
92b6110c-b604-47d6-937a-8b5b78453678	131676476	40.18860177505127	30.262584585577873	129.33	0	0	7V7LzCgJgpGxl5uJTU14Fg	Turkey	gen4	no road name
92b6110c-b604-47d6-937a-8b5b78453678	80896511	24.95482764950529	55.14179303026603	163.51	0	0	D7g7aRdDyL_0kFhlO-ffZA	UAE	gen4	no road name
92b6110c-b604-47d6-937a-8b5b78453678	146974749	41.98550928183338	-70.96524761839567	144.63	0	0	ymRx6xB4cetBALbs26_tWw	USA	gen4	no road name
92b6110c-b604-47d6-937a-8b5b78453678	234614022	54.968369880940024	-4.485617021458618	352.27	0	0	VXEJQlgEv6NQ4I2XHlUE6g	United Kingdom	gen4	no road name
92b6110c-b604-47d6-937a-8b5b78453678	55033816	10.993556604125784	106.83210776795842	25.24	0	0	3ZwhhGH2utXn9EjNSeOhlA	Vietnam	gen4	no road name
92b6110c-b604-47d6-937a-8b5b78453678	146330365	41.895622110291995	19.561863605885662	313.58038	0	0	jFz4tzr6i8n9F3FYDDQ9Zw	Albania	gen4	no road name
92b6110c-b604-47d6-937a-8b5b78453678	15224059	-25.318610865595428	-64.90190739117165	289.24	0	0	oWCrYNWZR4LZaWXoj4pIRQ	Argentina	gen4	no road name
92b6110c-b604-47d6-937a-8b5b78453678	2245000	-37.87320520102445	145.03541574318874	186.59	0	0	H7L_Y0hhGaW_x5F68HYgZg	Australia	gen4	no road name
92b6110c-b604-47d6-937a-8b5b78453678	196529705	48.11330999561913	13.653749871251565	185.88	0	0	X4xr3G8dBuCXy0eTn_LGyg	Austria	gen4	no road name
92b6110c-b604-47d6-937a-8b5b78453678	78143152	23.613483631782135	90.13445129709672	274.81	0	0	DMfx1TOpS655d99ZL7pWgA	Bangladesh	gen4	no road name
92b6110c-b604-47d6-937a-8b5b78453678	214876821	50.80476053574611	4.29054059762708	311.33	0	0	z0CbIfKvRSL1LLCoyTlf9g	Belgium	gen4	no road name
92b6110c-b604-47d6-937a-8b5b78453678	12526793	-27.34128252292106	-52.54766501897125	212.79	0	0	ZV5oCQEzNPRGu41N_y02CA	Brazil	gen4	no road name
92b6110c-b604-47d6-937a-8b5b78453678	153386678	42.90132047589507	25.06173550285661	282.38	0	0	aHq24lLOjb4C2FbCZ-eL1w	Bulgaria	gen4	no road name
92b6110c-b604-47d6-937a-8b5b78453678	187428753	46.892685815725464	-71.14387200511719	326.88	0	0	r404wPFsUbruT9wJqi6Hbw	Canada	gen4	no road name
92b6110c-b604-47d6-937a-8b5b78453678	7416461	-33.00460497517713	-71.22705815471636	161.19	0	0	jv5ed1SbwvkhmYA3x9S-JA	Chile	gen4	no road name
92b6110c-b604-47d6-937a-8b5b78453678	53656277	10.28713913969754	-75.51922161147453	169.5	0	0	Y_ojBg2ntLOFr8s6OqYSWQ	Colombia	gen4	no road name
92b6110c-b604-47d6-937a-8b5b78453678	53167049	9.917227816649813	-83.92077418468482	28.14	0	0	fJP5yFCSzbm0pqTzNQPePA	Costa Rica	gen4	no road name
92b6110c-b604-47d6-937a-8b5b78453678	171294253	45.083589099457456	16.350216175489404	28.71	0	0	R3nwVcYuxonaGjnD3mk0Zg	Croatia	gen4	no road name
92b6110c-b604-47d6-937a-8b5b78453678	211220267	50.2443755800584	13.942098515944958	66.2	0	0	b8fzf68o2uORJeejVaCkiQ	Czechia	gen4	no road name
92b6110c-b604-47d6-937a-8b5b78453678	247881502	62.19904611546064	-6.744643318732899	3.8	0	0	27RbIcewGCQwip198LfJ7w	Denmark	gen4	no road name
92b6110c-b604-47d6-937a-8b5b78453678	41586437	-0.9243112099479881	-78.65347257312719	29.79	0	0	7XNIv83MrqNvgx_EGybAUQ	Ecuador	gen4	no road name
92b6110c-b604-47d6-937a-8b5b78453678	240750840	57.77740002525241	26.038753908253728	161.39	0	0	fUWBjSjPC7JLOHPXx8Hb_Q	Estonia	gen4	no road name
92b6110c-b604-47d6-937a-8b5b78453678	249648643	64.0499000270609	29.439922069532223	103.25	0	0	go90y0NW-lnoLPTtXLiZlQ	Finland	gen4	no road name
92b6110c-b604-47d6-937a-8b5b78453678	182678992	46.25117118068576	-0.09226825276663296	184.65	0	0	tO40x0E5MJDTumwAjobMjQ	France	gen4	no road name
92b6110c-b604-47d6-937a-8b5b78453678	145324880	41.758822991375936	44.664530032004784	106.22653000000003	0	0	_TdwuWE7FGA1MUxBOZyfIA	Georgia	gen4	no road name
92b6110c-b604-47d6-937a-8b5b78453678	228768196	53.245409550187425	14.00969667516712	341.17	0	0	RVwjQBVWscDf8KWIubkRdQ	Germany	gen4	no road name
92b6110c-b604-47d6-937a-8b5b78453678	48207337	5.777541635612074	0.010991177261940398	9.766939999999977	0	0	oV3ABu_RYkL7XIiH7J_wUg	Ghana	gen4	no road name
92b6110c-b604-47d6-937a-8b5b78453678	111039237	36.86427373969988	21.712965583163005	325.33	0	0	WGIFI5CkMIH3I3EaEAVPFw	Greece	gen4	no road name
92b6110c-b604-47d6-937a-8b5b78453678	197665456	48.24697704088036	20.623329654374313	124.93	0	0	PA27z6oeEVNNy1CJtMdJhQ	Hungary	gen4	no road name
92b6110c-b604-47d6-937a-8b5b78453678	249742579	64.15249113236493	-22.027527950279353	275.54	0	0	QPp8WhibnVH0B1DLF4tcEQ	Iceland	gen4	no road name
92b6110c-b604-47d6-937a-8b5b78453678	73281424	21.136237000661527	79.17120186590935	0.89	0	0	jnCTsMTf8F1sLiz1xCIiTA	India	gen4	no road name
92b6110c-b604-47d6-937a-8b5b78453678	31194773	-7.622135407282122	112.68567466761472	146.41	0	0	75Ddxz6zyIWqs1uEAESS9Q	Indonesia	gen4	no road name
92b6110c-b604-47d6-937a-8b5b78453678	220454336	51.62417526952523	-8.731368732393404	305.83	0	0	9Hp-mqo0k8CFcyXX-yv1mg	Ireland	gen4	no road name
92b6110c-b604-47d6-937a-8b5b78453678	91339762	32.120755201584714	34.90465847235478	263.83	0	0	w06l7BJX0oytTO9X91m18g	Israel	gen4	no road name
92b6110c-b604-47d6-937a-8b5b78453678	135795089	40.696458249875	17.60626463971794	261.62	0	0	we33KnNIIKyUUwbhWnIPxg	Italy	gen4	no road name
92b6110c-b604-47d6-937a-8b5b78453678	98714067	34.40076423884896	135.30859348627374	293.16	0	0	XZcemSrzeTInCdBZFoH73g	Japan	gen4	no road name
92b6110c-b604-47d6-937a-8b5b78453678	211498705	50.29008033513745	57.166514936802024	208.18	0	0	hAgLyWJ_XaOXJglSrYJLMQ	Kazakhstan	gen4	no road name
92b6110c-b604-47d6-937a-8b5b78453678	42136372	-0.40759843758598807	34.65005440898911	296.25	0	0	rIOTD7ExR_UYIjiA4IJyaw	Kenya	gen4	no road name
92b6110c-b604-47d6-937a-8b5b78453678	238337966	56.41281575156118	24.34036789827295	123.64	0	0	03xPIWtJhbiWkz0Oh9Vg6A	Latvia	gen4	no road name
92b6110c-b604-47d6-937a-8b5b78453678	235355376	55.3422040037738	21.47159328649025	288.27	0	0	ge-37n5tKTR-2ZmZCxa7IQ	Lithuania	gen4	no road name
92b6110c-b604-47d6-937a-8b5b78453678	209503636	49.98518849896378	5.868809253025324	43.87	0	0	8YK8RiNY12RuEQ5HPuA5BQ	Luxembourg	gen4	no road name
92b6110c-b604-47d6-937a-8b5b78453678	44970276	2.759908909363019	101.68676471920281	327.26	0	0	wgYu4OdxSqwR4RjkL5SoOw	Malaysia	gen4	no road name
92b6110c-b604-47d6-937a-8b5b78453678	73273698	21.13404916335339	-101.47910883305173	79.46	0	0	ulIIfM26vsqzYPCEKhoXzQ	Mexico	gen4	no road name
92b6110c-b604-47d6-937a-8b5b78453678	183629016	46.375743880888066	96.24484884566738	359.24	0	0	i9ukwTpf_OgFV4orWeOjsw	Mongolia	gen4	no road name
92b6110c-b604-47d6-937a-8b5b78453678	150566693	42.49256954594001	19.189358404781952	223.47395	0	0	fsJaNqjoewZNgKJhLuPY7w	Montenegro	gen4	no road name
92b6110c-b604-47d6-937a-8b5b78453678	22430806	-19.631715238945315	17.324310402563295	343.83	0	0	QUjbrqM3C9F2T_uQUUZXjg	Namibia	gen4	no road name
92b6110c-b604-47d6-937a-8b5b78453678	219574628	51.492651498625754	5.431225059827183	113.3	0	0	QkdUGmeR0QlOcZJV-xMLyA	Netherlands	gen4	no road name
92b6110c-b604-47d6-937a-8b5b78453678	3143804	-37.03304024953051	174.87647681184282	64.57	0	0	wl9OMKCFKTKxz4IJ8izQug	New Zealand	gen4	no road name
92b6110c-b604-47d6-937a-8b5b78453678	52104141	8.926654233967131	7.2772716838604605	212	0	0	lDZGCLh8vkpzS3HkPBwY4A	Nigeria	gen4	no road name
92b6110c-b604-47d6-937a-8b5b78453678	146711864	41.94708677001496	21.391931344866848	189.43845	0	0	cutjBc8nlabUIMtumMg0cA	North Macedonia	gen4	no road name
92b6110c-b604-47d6-937a-8b5b78453678	249197626	63.50565015068633	9.826846529965444	203.81	0	0	y02vxxSPZ5LY4rVXANoDpA	Norway	gen4	no road name
92b6110c-b604-47d6-937a-8b5b78453678	79581047	24.23218435665151	55.930271837252036	257.01	0	0	6HaGIYUi9QIW8HLAzC3F0w	Oman	gen4	no road name
92b6110c-b604-47d6-937a-8b5b78453678	50854735	7.519723474945265	-80.95226029913194	25.55	0	0	M708oLyvlzz-WbwJI_3b-A	Panama	gen4	no road name
92b6110c-b604-47d6-937a-8b5b78453678	25553919	-13.724129130970715	-76.19458857079033	36.65	0	0	GGOM4wANvH7rAE_f_BZy3Q	Peru	gen4	no road name
92b6110c-b604-47d6-937a-8b5b78453678	61997620	15.735843253923585	121.01508148206847	17.36	0	0	6JV4Xh9Gj6q2BJerqUrLNg	Philippines	gen4	no road name
92b6110c-b604-47d6-937a-8b5b78453678	217690413	51.17756196409623	17.19257600393681	65.93	0	0	NrG9y-ibxxZm5B6X0y7lgw	Poland	gen4	no road name
92b6110c-b604-47d6-937a-8b5b78453678	141802862	41.366422179414286	-8.70435748453111	341.69	0	0	ukyXpvlL07hIiWiz5HEL7w	Portugal	gen4	no road name
92b6110c-b604-47d6-937a-8b5b78453678	81794190	25.299817656609708	51.43373028385341	105.29	0	0	gPSO4BV30lvAbEgMT9PzBQ	Qatar	gen4	no road name
92b6110c-b604-47d6-937a-8b5b78453678	174942576	45.478202546440045	26.262079251404952	67.8	0	0	8FWo_-74SbHIjt-sbgV9Hg	Romania	gen4	no road name
92b6110c-b604-47d6-937a-8b5b78453678	244643648	60.004826819219105	30.27754110305203	193.09	0	0	za6zlnE_6ktvK5wT7CXqzg	Russia	gen4	no road name
92b6110c-b604-47d6-937a-8b5b78453678	40431017	-1.9949990341724624	30.075222391338844	44.31	0	0	xjGwtU5seQya07-8z8jDXA	Rwanda	gen4	no road name
92b6110c-b604-47d6-937a-8b5b78453678	60402812	14.79149715249196	-16.52073828542072	299.14	0	0	ccpe4YnzTrfNu9sX5sgoQA	Senegal	gen4	no road name
92b6110c-b604-47d6-937a-8b5b78453678	170681453	45.012319711979785	19.860058451817615	178.459	0	0	uqEXFjr9VJK4LDwR9J5_zA	Serbia	gen4	no road name
92b6110c-b604-47d6-937a-8b5b78453678	43837010	1.3149782260904712	103.85342301631793	336.32	0	0	dxFiSDe_C5JDYJ1rXmjuLA	Singapore	gen4	no road name
92b6110c-b604-47d6-937a-8b5b78453678	203440019	49.03133451193321	18.35714408671875	321.48	0	0	cSnXxHbFbzqpJhvKLePEPg	Slovakia	gen4	no road name
92b6110c-b604-47d6-937a-8b5b78453678	179743029	45.91758646746691	13.714341723417764	111.15	0	0	nJq0KoofEXDaDbKJzpjXFw	Slovenia	gen4	no road name
92b6110c-b604-47d6-937a-8b5b78453678	5698293	-34.039697501474166	22.112224229886074	274.01	0	0	9H4YFT21KFuz34tTAgfoVw	South Africa	gen4	no road name
92b6110c-b604-47d6-937a-8b5b78453678	152092779	42.71396894502934	-7.150313635778622	246.12	0	0	aYJCJKlYEhUp1NpKqTisSw	Spain	gen4	no road name
92b6110c-b604-47d6-937a-8b5b78453678	49750838	6.722918125910626	79.92057797306083	277.93	0	0	pwonTYtVekKo03TVZ_d4yg	Sri Lanka	gen4	no road name
92b6110c-b604-47d6-937a-8b5b78453678	247340931	61.64104844440942	17.417804706817783	322.25	0	0	PGGvHSCx2fNTF67kRuAn0w	Sweden	gen4	no road name
92b6110c-b604-47d6-937a-8b5b78453678	192857120	47.61699593858305	8.978715362818475	349.09	0	0	Sd0_k7sBU0V5APsIuwWNgQ	Switzerland	gen4	no road name
92b6110c-b604-47d6-937a-8b5b78453678	76187811	22.7243441384957	120.542700375389	11.38	0	0	dW-G2m8xBQ1EctVnkv8NfQ	Taiwan	gen4	no road name
92b6110c-b604-47d6-937a-8b5b78453678	64549754	17.17192568041418	103.15443612086146	179.79	0	0	ul4f6vkgR7R05IjLCE7x4A	Thailand	gen4	no road name
92b6110c-b604-47d6-937a-8b5b78453678	138633213	40.99963537562129	39.579493354409	214.45	0	0	DlcFtzdlQs52uIQrCh5G_A	Turkey	gen4	no road name
92b6110c-b604-47d6-937a-8b5b78453678	80888108	24.951802769431865	55.23309941086621	345.21	0	0	g1LnHblYmaZtOAh4m2rQWQ	UAE	gen4	no road name
92b6110c-b604-47d6-937a-8b5b78453678	103801471	35.3618328885095	-80.76331378859219	99.85	0	0	vrHnktbU8_GFdxrdqW5IEw	USA	gen4	no road name
